Tiempo,Posici√≥n_Y,Velocidad_Y,Velocidad_Rueda_1,velocidad_Rueda_2,velocidad_Rueda_3,velocidad_Rueda_4,Fuerza_Rueda_1,Fuerza_Rueda_2,Fuerza_Rueda_3,Fuerza_Rueda_4
0.0003,0.0,0.0,0.0,0.0,0.0,0.0,0.0,0.0,0.0,0.0
0.0544,0.0111,0.3294,12.0,12.0,1.861,1.8254,0.673,0.673,25.0,25.0
0.0837,0.0228,0.4475,12.0,12.0,2.508,2.5175,1.2126,1.2126,25.0,25.0
0.1045,0.0335,0.5621,12.0,12.0,3.1047,3.2049,0.6086,0.6085,25.0,25.0
0.1211,0.0448,0.7139,12.0,12.0,3.9307,4.099,0.4969,0.4974,25.0,25.0
0.1378,0.0578,0.8103,12.0,12.0,4.4783,4.67,1.1849,1.1845,25.0,25.0
0.1502,0.0686,0.8854,12.0,12.0,4.8642,5.1019,0.6388,0.6393,25.0,25.0
0.1628,0.0802,0.9497,12.0004,11.9999,5.2289,5.4497,16.4421,0.8656,25.0,25.0
0.1754,0.0926,1.0152,12.0,12.0,5.8091,5.7571,15.807,0.1956,25.0,25.0
0.1878,0.1057,1.0694,12.0,12.0,5.94,6.0152,0.6069,0.6069,25.0,25.0
0.2002,0.12,1.1683,12.0,12.0,6.5306,6.5672,0.5969,0.5962,25.0,25.0
0.2086,0.13,1.2102,12.0,12.0002,7.5656,6.7973,0.3149,7.0275,25.0,25.0
0.2169,0.1404,1.2472,12.0,12.0,6.9797,6.989,0.7296,0.7306,25.0,25.0
0.2253,0.151,1.2902,11.9999,12.0001,7.1992,7.2366,18.055,3.85,25.0,25.0
0.2335,0.1621,1.343,12.0,12.0,8.0969,8.7216,0.0369,0.0357,25.0,25.0
0.2419,0.1736,1.4022,11.9999,12.0,7.8415,7.8605,12.3653,17.0952,25.0,25.0
0.2503,0.1855,1.442,12.0,12.0,8.0713,8.0686,0.6867,0.6858,25.0,25.0
0.2586,0.1978,1.4868,12.0,12.0,9.8641,8.3517,1.9573,11.7996,25.0,25.0
0.2669,0.2105,1.5252,12.0,12.0,8.5393,8.5349,0.6667,0.6676,25.0,25.0
0.2754,0.2235,1.5821,12.0,12.0,8.8457,8.8723,21.1073,4.7614,25.0,25.0
0.2835,0.2369,1.6247,12.0,12.0,9.1106,9.1229,1.0387,1.0394,25.0,25.0
0.292,0.2508,1.6854,12.0,12.0,9.4289,9.4333,12.0183,17.3917,25.0,25.0
0.3002,0.2652,1.7342,12.0,12.0,10.4835,10.2933,0.0816,0.0813,25.0,25.0
0.3086,0.2799,1.7835,12.0001,11.9999,9.978,9.9965,7.3784,20.5168,25.0,25.0
0.3169,0.295,1.8245,12.0,12.0,10.205,10.8403,0.1821,0.1826,25.0,25.0
0.3253,0.3105,1.8879,12.0,12.0,10.5706,10.6057,18.6543,15.034,25.0,25.0
0.3337,0.3263,1.9007,12.0,12.0,10.5911,10.6912,0.7614,0.7569,25.0,25.0
0.342,0.3424,1.9574,12.0,12.0,10.9663,10.9885,9.3114,14.1448,25.0,25.0
0.3503,0.3588,1.9768,12.0,12.0,11.0523,11.0745,0.5742,0.5738,25.0,25.0
0.3586,0.3755,2.0212,12.0,12.0,11.3435,11.3517,1.2174,21.507,25.0,25.0
0.3669,0.3926,2.0569,12.0,12.0,11.4911,11.8953,0.2592,0.2599,25.0,25.0
0.3754,0.41,2.1111,11.9998,12.0001,11.8635,11.8456,15.527,19.0009,25.0,25.0
0.3836,0.4278,2.1405,12.0,12.0,11.9668,11.9991,0.3839,0.3843,25.0,18.7169
0.392,0.4456,2.1394,12.0019,11.9979,12.0182,11.9979,17.6384,16.7703,-4.987,8.5297
0.4003,0.4635,2.1444,12.0,12.0,11.9932,12.0057,0.6831,0.6831,23.1028,4.152
0.4087,0.4813,2.1403,12.0004,11.9864,12.0144,11.9988,9.8415,15.8875,-2.3775,7.8501
0.417,0.4992,2.1444,12.0,12.0,11.9991,12.0004,0.5803,0.5732,6.9639,4.4312
0.4254,0.517,2.1413,12.0006,11.9904,12.0176,12.0011,14.5536,12.1697,-5.8744,5.707
0.4337,0.5348,2.1436,12.0,12.0,11.9982,12.0013,0.508,0.4728,6.5359,1.029
0.442,0.5527,2.1424,11.9892,11.992,12.0175,12.0012,13.3524,11.4018,-5.1701,5.7436
0.4503,0.5706,2.1435,12.0,12.0,11.9968,12.0027,0.5077,0.5205,8.2633,0.6115
0.4588,0.5884,2.142,11.9989,11.99,12.0131,12.0001,12.6934,11.3245,-3.9413,4.545
0.467,0.6063,2.1428,12.0,12.0,11.9973,12.0022,0.6547,0.6264,8.1215,2.165
0.4753,0.6241,2.1429,11.9923,11.9939,12.0139,11.9999,11.0551,9.6268,-3.2014,5.6719
0.4837,0.642,2.145,12.0,12.0,11.9991,12.0,0.4902,0.4904,7.5122,0.4411
0.492,0.6598,2.1431,11.9986,11.9933,12.0111,11.9996,9.8224,8.3685,-3.3091,3.7017
0.5005,0.6777,2.1431,12.0,12.0,11.9996,12.0,0.4316,0.3668,3.4619,-0.1363
0.5086,0.6955,2.1435,11.9925,11.9939,12.0121,12.0015,9.8938,8.3227,-3.2966,2.9726
0.517,0.7134,2.1393,12.0266,12.0,11.9999,11.9992,-25.0,-0.3334,0.8024,-0.1898
0.5253,0.7312,2.1436,11.9944,11.9957,12.0097,12.0002,9.2162,8.3515,-0.7366,5.5321
0.5337,0.7491,2.139,12.0193,12.0,11.9834,11.9975,-22.8563,-0.1547,3.3991,-3.128
0.5422,0.7669,2.143,12.0001,11.9999,12.0055,11.9961,8.8344,9.8127,2.0559,7.6936
0.5503,0.7848,2.1389,12.018,12.0,11.9842,11.9983,-21.5099,-0.1377,1.6512,-2.2495
0.5586,0.8026,2.1427,12.001,12.001,12.0031,11.9945,5.7729,7.1239,6.0647,11.606
0.567,0.8204,2.1373,12.0063,12.0139,11.98,11.9997,-18.1711,-22.7615,-0.9103,-0.7027
0.5753,0.8383,2.1433,12.0,12.0003,11.9997,11.9979,1.0817,1.1183,15.2026,16.0541
0.5838,0.8561,2.1377,12.0053,12.0137,11.9812,11.9998,-16.5649,-21.6519,1.3239,-0.5271
0.592,0.874,2.143,12.0,12.0,11.9984,12.0002,0.8218,0.8117,17.73,16.9787
0.6003,0.8918,2.1376,12.0041,12.0116,11.9845,11.9998,-16.0097,-20.597,0.3162,-0.5455
0.6086,0.9097,2.1436,12.0,12.0,11.9998,11.999,0.8361,1.0405,16.916,15.6019
0.617,0.9275,2.1371,11.9985,12.0027,12.0002,12.0,-15.5161,-21.3215,-0.415,-0.5041
0.6255,0.9453,2.1436,12.0,12.0,11.9984,12.0003,0.7997,0.7928,17.1253,16.0286
0.6337,0.9632,2.1384,12.0008,12.0079,11.9917,11.9999,-15.1932,-19.3936,-2.0545,-0.586
0.642,0.981,2.1415,12.0,12.0,11.9689,11.9972,1.3066,1.3074,25.0,22.1128
0.6503,0.9989,2.138,11.9985,12.0034,12.0,12.0,-16.4159,-21.2168,-0.5163,-0.6744
0.6588,1.0167,2.1441,12.0,12.0,11.9987,12.0003,0.9655,0.9141,13.695,12.5536
0.6671,1.0346,2.1393,11.9987,12.0031,11.9999,12.0,-16.1489,-21.3824,-0.6302,-0.7026
0.6754,1.0524,2.1444,12.0,12.0,11.999,11.9998,1.0127,0.9558,14.6786,12.4489
0.6836,1.0703,2.1395,11.9993,12.0021,12.0,12.0,-15.4603,-21.7465,-0.6362,-0.7042
0.692,1.0881,2.1441,12.0,12.0,11.9982,12.0004,0.8246,0.9711,14.8129,13.2286
0.7003,1.106,2.1387,11.9901,11.9945,12.0,12.0154,0.3127,0.0037,-0.1448,-13.869
0.7088,1.1238,2.1449,12.0,12.0,11.9986,12.0006,0.9681,0.9588,16.3377,10.6847
0.717,1.1417,2.139,11.9899,11.9945,12.0,12.0156,0.6011,-1.8441,-0.1246,-16.4904
0.7253,1.1595,2.1446,12.0,12.0,11.9982,12.0013,0.7348,0.8287,14.4024,6.7404
0.7336,1.1774,2.1396,11.9908,11.9961,12.0,12.0132,0.3464,-2.1745,-0.2426,-13.9818
0.742,1.1952,2.144,11.9999,12.007,11.9958,11.9971,0.6831,-0.5294,10.432,8.596
0.7504,1.2131,2.1403,11.99,11.9958,12.0,12.0142,4.1135,1.7908,-0.167,-10.5322
0.7587,1.2309,2.1438,11.9999,12.0035,11.9964,11.994,0.9521,0.9927,14.219,13.1378
0.767,1.2488,2.1408,11.9912,11.9948,12.0,12.0143,4.6273,3.8134,-0.1732,-8.7913
0.7753,1.2666,2.144,12.0,12.0,11.9983,12.0008,0.6693,0.7863,10.4758,6.8419
0.7837,1.2845,2.1397,11.982,11.9887,12.0249,12.0043,17.0376,13.2834,-11.0026,3.3492
0.7921,1.3023,2.1443,12.0,12.0,11.9982,12.001,0.6186,0.713,9.8795,5.6682
0.8003,1.3202,2.1403,11.9823,11.9878,12.0251,12.0047,18.9117,15.0239,-8.9864,4.3406
0.8086,1.338,2.1441,12.0,12.0,11.9974,12.0016,0.5618,0.5714,10.9965,3.8191
0.817,1.3558,2.1395,11.9992,11.9847,12.0168,11.9995,12.022,16.1871,-4.5447,6.4972
0.8254,1.3737,2.1439,12.0,12.0,11.9983,12.0008,0.8156,0.7859,12.1526,9.3629
0.8338,1.3915,2.1401,12.0029,11.9854,12.0154,11.9987,14.6068,15.4236,-4.8149,7.1793
0.842,1.4094,2.1441,12.0,12.0,11.9976,12.0016,0.602,0.6006,9.8538,2.807
0.8503,1.4272,2.1404,12.003,11.986,12.017,12.0001,16.253,15.0959,-5.4503,6.2072
0.8587,1.4451,2.1436,12.0,12.0,11.9944,12.0054,0.6507,0.6507,18.1011,-0.4626
0.867,1.4629,2.1416,11.9876,11.9916,12.0189,12.0018,13.1436,10.8236,-7.6094,4.4376
0.8754,1.4808,2.1435,12.0,12.0,11.9969,12.0024,0.5691,0.5691,8.6271,0.9033
0.8838,1.4986,2.1421,11.9873,11.9913,12.0183,12.0029,14.2401,10.9536,-6.2894,3.4234
0.892,1.5165,2.1432,12.0,12.0,11.9973,12.0019,0.8151,0.8151,11.3853,5.7859
0.9003,1.5343,2.1413,12.0026,11.9869,12.0131,11.9993,13.2744,14.7547,-2.7484,7.0529
0.9086,1.5522,2.1427,12.0,12.0,11.9976,12.0017,0.6421,0.6421,9.0142,1.5956
0.9171,1.57,2.1426,11.9911,11.9921,12.0162,12.0004,14.9533,13.5544,-1.3903,8.3113
0.9253,1.5879,2.1447,12.0,12.0,11.9991,12.0,0.494,0.494,7.8211,0.2147
0.9337,1.6057,2.1427,11.9987,11.9921,12.0117,11.9989,9.7707,12.3054,-0.8476,6.6882
0.942,1.6236,2.1431,12.0,12.0,11.9988,12.0006,0.512,0.512,6.64,-1.7856
0.9503,1.6414,2.1427,11.9996,11.9926,12.0094,11.9985,8.9144,10.1392,-0.5961,5.9623
0.9587,1.6593,2.1415,12.0,12.0,11.9982,12.002,0.5215,0.4529,5.5393,-2.2238
0.967,1.6771,2.1434,12.0,11.9945,12.0081,11.9984,8.9653,8.1524,-0.6569,5.31
0.9753,1.695,2.1387,12.0213,12.0,11.9993,11.9935,-25.0,-0.2792,2.0044,-0.8053
0.9837,1.7128,2.1436,11.9938,11.9952,12.01,12.0008,10.0389,9.0906,-0.4838,5.5738
0.992,1.7307,2.1387,12.0201,12.0,11.9827,11.9975,-22.6144,-0.1344,3.721,-3.5726
1.0004,1.7485,2.1434,12.0014,11.9955,12.0055,11.9973,4.6006,10.4665,4.12,9.5706
1.0087,1.7664,2.1391,12.0187,12.0,11.9995,11.9999,-25.0,-0.1865,1.5816,-0.277
1.017,1.7842,2.1434,11.9999,12.0007,12.0042,11.9963,4.15,9.7511,4.2303,9.1483
1.0253,1.802,2.1371,12.0042,12.0102,12.0007,12.0,-21.4157,-25.0,1.2932,-0.7745
1.0336,1.8199,2.1427,12.0025,12.002,11.9995,11.9946,2.2372,1.7115,10.5436,14.3477
1.042,1.8377,2.1375,12.0037,12.0109,11.9857,11.9998,-17.8789,-22.304,-0.7802,-0.6942
1.0503,1.8556,2.1437,12.0,12.0,11.9981,12.0006,1.0435,0.9718,16.2907,13.7351
1.0587,1.8734,2.1373,11.9986,12.0038,12.0001,12.0,-16.8083,-22.3599,-0.5315,-0.6334
1.067,1.8913,2.1436,12.0,12.0,11.9989,12.0,1.0829,1.0147,14.8578,14.9935
1.0753,1.9091,2.1381,12.0009,12.0086,11.9908,11.9999,-14.6333,-19.3012,-1.7834,-0.5498
1.0837,1.9269,2.1414,12.0,12.0,11.9678,11.9969,1.3166,1.3135,25.0,23.14
1.092,1.9448,2.138,11.9984,12.0034,12.0,12.0,-15.3897,-20.4885,-0.4739,-0.6101
1.1005,1.9626,2.1442,12.0,12.0,11.9987,12.0003,0.9808,0.9251,13.899,12.9952
1.1088,1.9805,2.1388,11.9988,12.0045,11.9995,12.0,-15.8361,-20.4674,-0.5787,-0.6258
1.1171,1.9984,2.1441,12.0,12.0,12.0013,11.9969,1.4195,1.3641,21.0688,22.874
1.1254,2.0162,2.1389,11.9993,12.0019,12.0,12.0,-14.4755,-20.3716,-0.5466,-0.6047
1.1339,2.0341,2.1444,12.0,12.0,11.9983,12.0005,0.758,0.9327,14.6665,12.4417
1.142,2.0519,2.1382,11.99,11.9948,12.0,12.0153,0.4168,-0.2353,-0.0706,-13.9168
1.1505,2.0698,2.1447,12.0,12.0,11.9987,12.0006,0.9486,0.9333,15.7157,10.1927
1.1587,2.0876,2.1387,11.9896,11.9946,12.0,12.0158,0.856,-1.8673,-0.1343,-16.5859
1.167,2.1055,2.1444,12.0,12.0,11.9983,12.0013,0.7302,0.829,14.1904,6.7476
1.1754,2.1233,2.1394,11.9904,11.996,12.0,12.0136,0.5824,-2.1886,-0.2463,-14.3548
1.1836,2.1412,2.1441,11.9999,12.0057,11.9965,11.9977,0.6804,0.4742,9.8804,8.2419
1.192,2.159,2.1403,11.9902,11.9957,12.0,12.0141,1.0657,-1.3083,-0.3238,-13.9505
1.2003,2.1769,2.1441,11.9999,12.0054,11.9962,11.9984,0.6537,1.3966,8.2297,6.3033
1.2087,2.1947,2.1406,11.9906,11.9963,12.0,12.0131,-0.2662,-1.8687,-0.5465,-13.0513
1.217,2.2126,2.1442,12.0,12.0,11.9988,12.0004,0.8058,0.7893,10.0994,8.399
1.2253,2.2304,2.1397,11.9819,11.9893,12.0244,12.0043,16.6399,13.3989,-10.1889,3.9792
1.2336,2.2483,2.1445,12.0,12.0,11.9985,12.0007,0.6427,0.7264,9.7285,6.5472
1.242,2.2661,2.14,11.9821,11.989,12.0241,12.0047,17.2525,13.3963,-10.1656,3.4364
1.2503,2.284,2.144,12.0,12.0,11.9984,12.0009,0.6356,0.6244,9.3791,5.4585
1.2586,2.3018,2.1404,11.9848,11.9902,12.0221,12.0028,17.5804,13.8029,-6.7959,6.0638
1.267,2.3196,2.144,12.0,12.0,11.9974,12.0017,0.5655,0.5746,10.9369,3.413
1.2753,2.3375,2.1409,11.9846,11.9898,12.0218,12.0037,15.6129,11.297,-8.8846,2.1885
1.2836,2.3553,2.1438,12.0,12.0,11.9977,12.0023,0.6137,0.6137,10.7916,1.7168
1.2921,2.3732,2.141,11.984,11.989,12.0223,12.0045,16.9709,14.0394,-8.3431,4.2468
1.3003,2.391,2.1433,12.0,12.0,11.9977,12.0015,0.6333,0.6333,9.9004,3.3386
1.3087,2.4088,2.1394,12.0001,12.0002,12.0101,11.9931,13.1572,14.0559,-1.0207,9.9574
1.3171,2.4267,2.1437,12.0,12.0,11.9943,12.0055,0.6793,0.6793,19.6784,0.026
1.3255,2.4445,2.1419,11.9866,11.9906,12.0196,12.0031,15.1028,12.6687,-6.693,4.9353
1.3337,2.4624,2.1435,12.0,12.0,11.9968,12.0027,0.5879,0.5879,8.6196,1.2946
1.3421,2.4802,2.142,11.9877,11.992,12.0172,12.0029,14.6461,11.3492,-4.9185,4.4683
1.3503,2.4981,2.1431,12.0,12.0,11.9976,12.0017,0.8303,0.8303,11.1182,6.244
1.3587,2.5159,2.1415,11.9991,11.9996,12.0101,11.9941,13.0526,10.9046,-0.7987,9.0745
1.367,2.5338,2.1453,12.0,12.0,11.9978,12.0,0.5214,0.5215,12.2704,-0.559
1.3753,2.5516,2.1424,11.9993,11.9915,12.0109,11.9985,9.0532,11.3968,-0.9875,6.5189
1.3836,2.5695,2.1428,12.0,12.0,11.9991,12.0005,0.4777,0.4752,5.0824,-1.7514
1.392,2.5873,2.1428,11.9996,11.9944,12.0089,11.9979,9.3773,8.3238,-1.0503,5.7396
1.4003,2.6052,2.1418,12.0,12.0,11.9984,12.0019,0.4984,0.4174,4.7342,-2.042
1.4087,2.6231,2.1436,11.9941,11.9949,12.0111,11.9998,8.4269,7.5699,-2.7306,4.3197
1.4171,2.6409,2.1435,12.0,12.0,11.9996,12.0,0.4494,0.4494,3.4348,0.4392
1.4253,2.6588,2.1436,11.9988,11.9946,12.0098,12.0004,9.145,7.8845,-1.8481,3.6174
1.4336,2.6766,2.139,12.0266,12.0,11.9998,12.0,-25.0,-0.356,-0.0695,-0.3762
1.442,2.6945,2.1435,12.0013,11.9954,12.0055,11.9979,4.7226,13.0676,5.7909,12.1401
1.4503,2.7123,2.1383,12.0166,12.0,12.0,12.0,-25.0,-0.1756,-0.181,-0.163
1.4587,2.7302,2.1439,12.0003,11.9955,12.0053,11.9987,3.1265,8.8549,2.1438,6.8262
1.4671,2.748,2.1371,12.0022,12.0152,12.0,12.0,-21.9409,-25.0,-0.8288,-0.8452
1.4753,2.7658,2.1432,12.0009,12.0014,12.0015,11.9955,2.4222,5.0389,6.9326,10.6876
1.4836,2.7837,2.1368,12.0006,12.0024,12.0001,12.0,-20.3475,-23.6604,-0.5151,-0.7501
1.492,2.8015,2.1435,12.0008,12.0001,11.9977,11.9985,1.2899,0.9222,12.5721,13.9062
1.5003,2.8194,2.1383,12.0053,12.0114,11.9815,11.9998,-16.3455,-22.052,-2.0777,-0.7118
1.5087,2.8372,2.1434,12.0,12.0017,11.9996,11.9967,0.798,2.3845,13.0232,14.2562
1.517,2.8551,2.1373,11.999,12.0025,12.0,12.0,-17.2965,-23.5725,-0.6483,-0.6857
1.5253,2.8729,2.1438,12.0,12.0001,11.9986,11.9996,0.8088,0.9794,15.2842,15.1426
1.5336,2.8907,2.1383,11.999,12.0066,11.9949,11.9999,-15.4599,-19.9364,-3.8354,-0.6776
1.542,2.9086,2.142,12.0,12.0,11.9714,11.9976,1.3324,1.5012,25.0,20.4753
1.5503,2.9264,2.1384,11.9987,12.0032,12.0,12.0,-16.9793,-21.1872,-0.5698,-0.7192
1.5587,2.9443,2.1439,12.0,11.9999,11.9997,11.9974,1.1333,3.7024,18.6136,20.1388
1.567,2.9621,2.1389,11.999,12.0023,12.0,12.0,-15.2506,-22.342,-0.6635,-0.6886
1.5753,2.98,2.1442,12.0,12.0015,11.9992,11.9977,0.7675,0.8603,11.9904,12.522
1.5838,2.9978,2.1383,11.9893,11.9949,12.0,12.0158,0.315,-0.7173,-0.1523,-14.6606
1.5921,3.0157,2.1442,12.0,12.0,11.9899,12.0017,1.235,1.2302,25.0,10.7469
1.6005,3.0335,2.1386,11.99,11.9958,12.0,12.0143,-0.4625,-3.7449,-0.1783,-16.692
1.6087,3.0514,2.1443,12.0,12.0028,11.9983,11.9986,0.6802,0.0027,11.0622,8.1824
1.617,3.0693,2.1396,11.9905,11.9965,12.0,12.013,0.1412,-2.7796,-0.2986,-14.2221
1.6253,3.0871,2.1444,11.9999,12.0053,11.9968,11.9978,0.6471,1.7679,8.1562,6.9939
1.6336,3.105,2.14,11.9905,11.9961,12.0,12.0135,0.5379,-1.9748,-0.333,-13.9098
1.642,3.1228,2.1439,11.9999,12.0049,11.9965,11.9986,0.7282,1.5508,7.6196,5.9679
1.6503,3.1407,2.1405,11.9919,11.997,12.0,12.0112,1.7042,0.7384,0.0121,-8.3052
1.6586,3.1585,2.1443,12.0,12.0,11.9981,12.001,0.7834,0.7748,11.5019,7.1366
1.667,3.1763,2.1395,11.9821,11.9891,12.0245,12.0041,16.7269,12.7734,-10.7849,3.2239
1.6753,3.1942,2.1442,12.0,12.0,11.9981,12.0011,0.6356,0.7372,10.3497,5.7317
1.6836,3.212,2.1398,11.982,11.9887,12.0243,12.0049,17.2268,13.3932,-10.4872,3.1013
1.6919,3.2299,2.1439,12.0,12.0,11.9982,12.001,0.6362,0.63,9.7082,5.2081
1.7003,3.2477,2.1403,11.9844,11.9899,12.0225,12.0032,17.9258,13.982,-6.9966,5.7599
1.7088,3.2656,2.1442,12.0,12.0,11.9956,12.0045,0.6581,0.6573,16.9313,0.7625
1.717,3.2834,2.1399,12.0003,11.9855,12.0151,11.9992,9.9952,16.0255,-3.3301,7.1153
1.7254,3.3013,2.1441,12.0,12.0,11.9992,12.0003,0.5686,0.5599,6.9369,4.6985
1.7337,3.3191,2.1401,12.0024,11.9867,12.0143,11.9986,13.017,13.921,-4.7216,6.5026
1.742,3.337,2.1436,12.0,12.0,11.9979,12.0015,0.5315,0.5297,7.8743,1.3889
1.7503,3.3548,2.1417,11.9874,11.9916,12.0188,12.0021,16.1037,13.1097,-4.4212,6.6561
1.7586,3.3726,2.1437,12.0,12.0,11.996,12.0034,0.6044,0.6046,10.2292,0.8944
1.767,3.3905,2.1411,11.9994,11.9881,12.0132,11.9994,11.7446,14.0844,-2.1542,6.7054
1.7753,3.4083,2.1432,12.0,12.0,11.9979,12.0013,0.8667,0.8438,11.561,8.2746
1.7837,3.4262,2.1421,11.9893,11.9932,12.0159,12.0014,14.914,12.2739,-2.3077,7.525
1.792,3.444,2.1431,12.0,12.0,11.998,12.0013,0.6525,0.6251,8.4996,2.865
1.8004,3.4619,2.1425,11.9907,11.9922,12.0162,12.0008,14.782,13.0052,-1.8737,7.5375
1.8087,3.4797,2.1444,12.0,12.0,11.9991,12.0,0.4973,0.4973,7.7211,0.1663
1.817,3.4976,2.1423,11.9984,11.9905,12.0119,11.9993,10.2382,12.4497,-1.0457,6.3743
1.8254,3.5154,2.1428,12.0,12.0,11.9987,12.0007,0.5099,0.5099,6.6662,-1.7456
1.8337,3.5333,2.1427,11.9996,11.993,12.0091,11.9982,9.0349,10.1108,-0.0928,6.4583
1.842,3.5511,2.1418,12.0,12.0,11.9983,12.0019,0.5232,0.4648,5.5692,-1.9479
1.8503,3.569,2.1432,11.9997,11.993,12.0087,11.9991,9.4235,9.3169,-0.9036,5.0063
1.8586,3.5868,2.1414,12.0,12.0,11.9985,12.0018,0.5316,0.4764,4.7437,-2.0212
1.867,3.6047,2.1435,11.9946,11.9953,12.0102,11.9998,8.3702,8.3962,-1.8932,5.8535
1.8754,3.6225,2.1411,12.0001,12.0,12.0,12.0,-22.0779,-0.2858,-0.2727,-0.3317
1.8838,3.6404,2.1436,12.0015,11.9953,12.0056,11.9978,5.5736,9.0784,2.0799,7.5573
1.892,3.6582,2.1386,12.0229,12.0,12.0,12.0,-25.0,-0.1953,-0.1377,-0.2014
1.9003,3.6761,2.1436,12.0008,11.995,12.0055,11.9984,3.6989,10.1359,3.2953,8.0072
1.9086,3.6939,2.1385,12.0211,12.0,12.0,12.0,-25.0,-0.2184,-0.2003,-0.2274
1.9171,3.7118,2.1438,12.0015,11.9972,12.0039,11.9974,4.6542,8.1809,3.9579,8.3237
1.9254,3.7296,2.137,12.0034,12.0101,11.999,12.0,-22.2119,-25.0,0.4471,-0.8196
1.9336,3.7475,2.1433,12.0019,12.0015,12.0008,11.9949,3.4175,3.0828,8.7734,12.5279
1.942,3.7653,2.1376,12.0029,12.0104,11.987,11.9998,-18.0777,-22.374,-1.5958,-0.722
1.9503,3.7832,2.1434,12.0,12.0001,11.999,11.9993,1.0473,1.0327,15.1623,13.8646
1.9587,3.801,2.1369,11.9989,12.0041,12.0002,12.0,-16.8784,-22.4188,-0.4979,-0.6414
1.9671,3.8188,2.1436,12.0,12.0,11.9988,12.0001,1.0676,0.9994,15.2813,15.2016
1.9753,3.8367,2.1382,11.9993,12.0075,11.9935,11.9999,-13.3942,-18.2616,-3.6344,-0.5536
1.9838,3.8545,2.1415,12.0,12.0,11.9658,11.9968,1.3538,1.3535,25.0,23.5023
1.992,3.8724,2.1377,11.9983,12.0035,12.0,12.0,-15.3008,-20.7379,-0.4313,-0.6034
2.0004,3.8902,2.1439,12.0,12.0,11.9987,12.0003,0.9862,0.9295,13.9831,12.9288
2.0087,3.9081,2.1385,11.9979,12.0035,12.0,12.0,-14.4755,-20.744,-0.5092,-0.631
2.017,3.9259,2.1434,12.0,12.0,11.9825,11.9989,1.1928,1.382,25.0,17.9922
2.0253,3.9438,2.1389,11.9986,12.0032,12.0,12.0,-16.1058,-20.4371,-0.5626,-0.6803
2.0337,3.9616,2.1442,12.0,12.0,11.9987,12.0003,0.9369,0.892,12.9243,11.5531
2.042,3.9795,2.1381,11.9912,11.9964,12.0,12.0124,0.0413,-0.9543,-0.0619,-11.5621
2.0503,3.9973,2.1447,12.0,12.0,11.9988,12.0006,0.9093,0.8948,15.3039,10.1187
2.0587,4.0152,2.1388,11.9909,11.9963,12.0,12.0128,0.2075,-2.7246,-0.1376,-14.2692
2.067,4.033,2.1447,12.0,12.0,11.9983,12.0012,0.7221,0.7983,14.0244,6.7102
2.0753,4.0509,2.1394,11.9902,11.9961,12.0,12.0137,0.7331,-2.1978,-0.2436,-14.3472
2.0836,4.0687,2.144,12.0,12.0036,11.9972,11.999,0.6855,1.6035,9.3321,7.2547
2.092,4.0866,2.14,11.9914,11.9972,12.0,12.0114,0.4875,-2.1292,-0.3209,-11.919
2.1003,4.1044,2.1439,11.9999,12.0061,11.9956,11.9982,0.7309,0.8508,8.5602,6.3675
2.1087,4.1223,2.1394,11.9814,11.9895,12.0242,12.0048,14.4776,9.8897,-14.0867,-0.0425
2.117,4.1401,2.1444,12.0,12.0,11.9993,11.9998,0.6759,0.5921,8.2034,7.2513
2.1254,4.158,2.1396,11.9829,11.9905,12.0225,12.004,16.3432,12.1765,-9.5737,3.8172
2.1337,4.1758,2.1441,12.0,12.0,11.9989,12.0005,0.61,0.681,8.1454,5.8937
2.142,4.1936,2.1404,11.9845,11.9913,12.021,12.0031,15.2772,11.6665,-8.5087,4.3903
2.1503,4.2115,2.1443,12.0,12.0,11.9986,12.0008,0.6011,0.6663,8.4599,4.9984
2.1586,4.2293,2.1406,11.9848,11.9902,12.0213,12.0036,17.1782,13.4688,-6.7365,5.1689
2.167,4.2472,2.1437,12.0,12.0,11.9977,12.0015,0.5742,0.5801,9.9174,3.2469
2.1753,4.265,2.1409,11.9873,11.9915,12.0194,12.0017,16.443,13.1441,-4.3947,6.9508
2.1837,4.2829,2.1439,12.0,12.0,11.9941,12.0062,0.6464,0.6466,19.9551,-1.5585
2.192,4.3007,2.1406,12.0,11.9883,12.013,11.9988,10.341,14.272,-1.7985,7.4632
2.2004,4.3186,2.1436,12.0,12.0,11.9987,12.0005,0.7346,0.7157,9.5048,6.3457
2.2088,4.3364,2.141,12.0009,11.9883,12.0146,12.0005,14.8717,13.4967,-4.097,6.0427
2.217,4.3543,2.1431,12.0,12.0,11.9981,12.0013,0.597,0.5791,7.952,2.3705
2.2253,4.3721,2.142,11.9891,11.9925,12.0167,12.0016,15.2079,12.7098,-2.7422,7.2234
2.2337,4.39,2.1431,12.0,12.0,11.9947,12.0053,0.86,0.8615,17.6246,1.3758
2.242,4.4078,2.1419,11.9998,11.9896,12.0113,11.9994,11.1642,13.3405,-0.6599,7.0145
2.2504,4.4257,2.143,12.0,12.0,11.9982,12.0012,0.8542,0.8198,10.2848,7.3472
2.2587,4.4435,2.1426,11.9913,11.9933,12.0146,12.0007,13.3789,11.55,-1.9091,6.8391
2.267,4.4614,2.1441,12.0,12.0,11.9987,12.0,0.5438,0.5438,9.7447,-0.693
2.2754,4.4792,2.1429,11.999,11.9936,12.0094,11.9983,9.4871,9.201,-0.5231,5.9793
2.2837,4.4971,2.1427,12.0,12.0,11.9989,12.0008,0.476,0.434,4.4975,-1.5464
2.2921,4.5149,2.1433,11.9928,11.9951,12.0111,12.0009,10.0769,9.1424,-2.2932,5.0434
2.3004,4.5328,2.1415,12.0,12.0,11.9975,12.002,0.5842,0.5334,5.9937,-0.9646
2.3087,4.5506,2.1435,11.9957,11.9964,12.0091,11.9988,7.9787,7.3379,-0.7146,5.3505
2.317,4.5685,2.144,12.0,12.0,11.9996,12.0,0.4908,0.4898,5.8023,0.4243
2.3253,4.5863,2.1439,11.9955,11.9968,12.0077,11.9999,7.0851,6.522,-1.5804,4.2666
2.3337,4.6042,2.14,12.0333,12.0,12.0,12.0,-25.0,-0.4233,-0.274,-0.3217
2.342,4.622,2.1437,11.9989,11.9954,12.0063,11.9995,5.8344,7.4506,0.1702,3.9432
2.3503,4.6399,2.1393,12.0275,12.0001,12.0,12.0,-25.0,-0.2929,-0.2628,-0.2983
2.3587,4.6577,2.1439,11.9999,11.9973,12.0044,11.9984,4.7664,6.9346,2.4383,5.596
2.3669,4.6758,2.1978,11.9998,11.6607,12.0,12.0,5.0681,25.0,-5.448,-4.3068
2.3755,4.694,2.1661,11.9938,12.1544,12.1475,12.0006,18.9463,-25.0,-25.0,-9.9149
2.3836,4.7117,2.1111,12.3568,12.5628,12.0,12.0,-25.0,-25.0,-1.8893,-1.8948
2.3919,4.729,2.0678,12.3486,12.3502,12.0002,12.0,-25.0,-25.0,12.1993,-0.1651
2.4002,4.7458,2.003,12.3178,12.2924,12.0,12.0,-25.0,-25.0,-0.8311,-0.8305
2.4086,4.7624,1.9891,12.0001,11.9999,14.0195,15.2703,-10.8511,-12.8034,25.0,25.0
2.417,4.7789,1.9758,11.9998,12.0003,17.1152,18.9759,-21.2644,-23.7635,25.0,25.0
2.4253,4.7955,1.9856,12.0,12.0001,16.3568,20.5358,-7.3917,-15.8126,25.0,25.0
2.4336,4.8123,2.0216,11.9999,12.0001,15.9051,17.9704,-13.4182,-14.3811,25.0,25.0
2.4419,4.8293,2.0522,12.0,12.0,16.7617,17.0464,-2.1276,-3.8148,25.0,25.0
2.4502,4.8466,2.0949,12.0,12.0,16.6382,17.5975,0.1937,0.1937,25.0,25.0
2.4587,4.8639,2.045,11.9999,11.9999,11.7939,11.845,-3.4531,-3.0923,-25.0,-25.0
2.4669,4.881,2.0686,12.0,12.0,12.0388,12.4871,0.2912,0.2907,25.0,25.0
2.4753,4.8984,2.0976,12.0,11.9998,12.6216,12.284,-7.086,-10.8363,25.0,25.0
2.4836,4.9153,1.9946,12.0,11.9999,11.6657,11.6962,2.1245,4.0589,-25.0,-25.0
2.492,4.932,2.0047,12.0,12.0019,11.7522,11.8246,-9.2216,-10.252,25.0,25.0
2.5003,4.9489,2.0276,11.9999,12.0002,14.1752,12.1792,-0.1331,-1.2927,25.0,25.0
2.5086,4.9661,2.0693,12.0,12.0,12.2499,14.4068,0.0859,0.0859,25.0,25.0
2.517,4.9835,2.0982,12.0,12.0001,12.6355,12.4124,-4.7865,-1.9226,25.0,25.0
2.5252,5.0003,1.9996,12.0,12.0,11.7381,10.8555,1.7864,1.7864,-25.0,-25.0
2.5337,5.0173,2.0429,11.9997,12.0026,13.1163,12.1682,9.275,0.3525,25.0,25.0
2.5419,5.0345,2.0768,12.0,12.0,12.392,13.0337,0.1724,0.17,25.0,25.0
2.5503,5.052,2.1118,11.9999,12.0002,13.3266,12.7129,-7.642,-11.0204,25.0,25.0
2.5586,5.0691,2.0169,12.0,11.9999,12.1063,12.1071,2.5438,5.6175,-25.0,-25.0
2.567,5.0861,2.0554,12.0,12.0,12.3325,12.4045,0.3856,0.3856,25.0,25.0
2.5752,5.1034,2.0914,12.0001,11.9998,12.7022,12.8376,-3.6617,-6.6515,25.0,25.0
2.5837,5.1203,1.9945,12.0,12.0,12.075,11.8974,2.3579,2.3596,-25.0,-25.0
2.592,5.1374,2.0586,12.0001,12.0001,14.6073,12.4798,9.3586,3.716,25.0,25.0
2.6003,5.1548,2.0957,12.0,12.0,13.3105,15.6802,-0.0926,-0.0935,25.0,25.0
2.6086,5.172,2.0629,12.0001,11.9998,11.1287,12.6263,16.863,15.1363,-25.0,-25.0
2.6169,5.1893,2.0908,12.0,11.9999,12.8522,12.9421,0.3978,1.0885,25.0,25.0
2.6252,5.2064,2.038,12.0002,11.9998,10.8591,12.5747,18.8493,20.239,-25.0,-25.0
2.6336,5.2235,2.0656,12.0,12.0002,12.801,15.4237,-0.5422,5.6564,25.0,25.0
2.642,5.2403,1.9622,12.0,12.0,11.4733,11.4793,5.007,5.007,25.0,25.0
2.6503,5.2553,1.7626,12.0,12.0,10.9601,10.8229,3.1822,3.1821,25.0,25.0
2.6587,5.2696,1.6906,12.0,12.0,10.7176,10.5659,2.159,2.159,25.0,25.0
2.667,5.2832,1.625,12.0,12.0,10.3897,10.3907,1.62,1.62,25.0,25.0
2.6753,5.2966,1.606,12.0,12.0,11.5464,10.5082,0.6148,0.6148,25.0,25.0
2.6836,5.3099,1.5829,12.0001,12.0001,11.5361,13.0313,0.4966,0.4966,25.0,25.0
2.6919,5.3229,1.5605,12.0,12.0,13.3045,11.5068,0.9742,0.9742,25.0,25.0
2.7002,5.3358,1.5501,12.0,12.0,12.6768,13.9795,0.2631,0.2631,25.0,25.0
2.7086,5.3487,1.5457,12.0,12.0,15.4718,14.5692,0.0746,0.0746,25.0,25.0
2.7169,5.3615,1.5326,12.0,12.0,15.3763,15.6643,0.9127,0.9127,25.0,25.0
2.7252,5.3743,1.53,12.0,12.0,16.1573,18.3395,0.5662,0.5662,25.0,25.0
2.7335,5.387,1.5264,12.0,12.0,18.5342,19.2209,-0.1019,-0.102,25.0,25.0
2.7418,5.3996,1.5068,12.0,12.0,18.9495,18.0346,0.4273,0.4273,25.0,25.0
2.7502,5.412,1.4914,12.0,12.0,18.2102,19.015,0.9472,0.9472,25.0,25.0
2.7585,5.4244,1.4806,12.0,12.0,19.253,19.1116,1.4,1.4,25.0,25.0
2.7669,5.4368,1.4756,12.0,12.0,19.4226,21.6963,0.6153,0.6153,25.0,25.0
2.7752,5.449,1.4784,12.0,12.0,22.2272,23.3679,-0.2653,-0.2653,25.0,25.0
2.7835,5.4613,1.4759,12.0,12.0,24.0855,24.6382,-0.2653,-0.2652,25.0,25.0
2.7919,5.4735,1.4717,12.0,12.0,25.55,25.9205,-0.2648,-0.2648,25.0,25.0
2.8002,5.4858,1.4681,12.0,12.0,27.1403,27.2681,-0.2646,-0.2646,25.0,25.0
2.8085,5.4978,1.4358,12.0,12.0,25.5038,24.7664,2.1201,2.1201,25.0,25.0
2.8168,5.5097,1.4214,12.0,12.0,25.968,24.4938,1.6085,1.6086,25.0,25.0
2.8252,5.5216,1.4157,12.0,12.0,27.5109,25.2752,1.2193,1.2193,25.0,25.0
2.8336,5.5333,1.4021,12.0,12.0,26.6235,26.6267,0.5759,0.5759,25.0,25.0
2.8419,5.5449,1.3981,12.0,12.0,27.0053,29.0115,0.1091,0.1091,25.0,25.0
2.8502,5.5565,1.3883,12.0,12.0,28.0028,29.1044,-0.2473,-0.2473,25.0,25.0
2.8585,5.5679,1.3559,12.0,12.0,25.8975,26.9588,2.0684,2.0684,25.0,25.0
2.8669,5.5792,1.3548,12.0,11.9999,26.4697,28.4017,0.9184,6.5795,25.0,25.0
2.8753,5.5907,1.3997,11.7597,12.0,28.4277,31.742,25.0,24.3471,25.0,25.0
2.8836,5.6026,1.4364,11.9999,12.0,31.884,32.4737,9.3349,-0.6538,25.0,25.0
2.8919,5.6146,1.4483,12.0,11.9999,32.9883,32.5323,17.1145,13.6624,25.0,25.0
2.9002,5.6268,1.4621,12.0,12.0,34.5602,35.8699,0.3367,0.3372,25.0,25.0
2.9086,5.6389,1.45,12.0,11.9999,34.3578,33.3734,10.8845,9.6777,25.0,25.0
2.9169,5.651,1.4503,12.0,12.0,34.4556,36.4039,0.6712,0.6714,25.0,25.0
2.9252,5.6629,1.4266,12.0,11.9999,33.2043,34.0749,2.6144,5.0743,25.0,25.0
2.9335,5.6747,1.4188,12.0,12.0,31.507,37.2607,0.8249,0.8249,25.0,25.0
2.9419,5.6865,1.4109,12.0,12.0,33.9775,36.2302,0.9109,0.9328,25.0,25.0
2.9502,5.6983,1.4125,12.0,12.0,34.345,39.4101,-0.2671,-0.2671,25.0,25.0
2.9586,5.7101,1.416,12.0,11.9999,35.6789,41.5086,0.539,4.3323,25.0,25.0
2.9669,5.7217,1.3947,12.0,12.0,35.0247,39.8015,0.6224,0.6245,25.0,25.0
2.9752,5.7333,1.3927,12.0,12.0,35.9407,39.1273,16.3502,-0.5586,25.0,25.0
2.9836,5.7449,1.3926,12.0,12.0,35.87,42.2236,-0.2657,-0.2657,25.0,25.0
2.9919,5.7566,1.4107,12.0,11.9999,37.8727,42.1052,12.8682,10.8357,25.0,25.0
3.0002,5.7681,1.3661,12.0,12.0,33.3959,38.9179,2.1277,2.1277,25.0,25.0
3.0086,5.7796,1.3844,11.9999,12.0,36.2276,42.114,4.4425,1.2573,25.0,25.0
3.0169,5.7911,1.3711,12.0,12.0,33.2936,45.0643,0.9467,0.9471,25.0,25.0
3.0252,5.8027,1.4089,12.0,11.9999,36.0646,48.2025,-0.7736,11.8232,25.0,25.0
3.0335,5.8145,1.4153,12.0,12.0,36.6407,51.0727,-0.2797,-0.2783,25.0,25.0
3.0419,5.8265,1.4492,12.0,11.9999,39.1071,53.9973,-0.5813,10.246,25.0,25.0
3.0503,5.8382,1.3794,12.0,12.0,35.2459,43.8595,2.6275,2.6275,25.0,25.0
3.0585,5.8498,1.3944,12.0,12.0,38.5203,46.9013,-0.2755,-0.2755,25.0,25.0
3.0669,5.8613,1.387,12.0,12.0,37.0689,49.7389,0.7302,0.7302,25.0,25.0
3.0752,5.8727,1.3585,12.0,12.0,36.1333,46.3913,1.548,1.548,25.0,25.0
3.0835,5.8839,1.3434,12.0,12.0,37.3453,44.3689,0.3356,0.3356,25.0,25.0
3.0919,5.8951,1.3448,12.0,12.0,37.5099,47.3214,-0.2657,-0.2656,25.0,25.0
3.1002,5.9064,1.3596,12.0,12.0,40.6606,50.2511,-0.2469,-0.2469,25.0,25.0
3.1087,5.9176,1.33,12.0,12.0,39.4873,46.9659,2.4612,2.4612,25.0,25.0
3.1169,5.9284,1.2885,12.0,12.0,38.7214,40.2194,1.1275,1.1275,25.0,25.0
3.1252,5.9392,1.3036,12.0,12.0,41.8985,43.3558,-0.2567,-0.2567,25.0,25.0
3.1335,5.9501,1.3061,12.0,12.0,42.4045,46.3395,0.3206,0.3206,25.0,25.0
3.1419,5.9611,1.3089,12.0,12.0,40.8468,49.2464,0.602,0.6006,25.0,25.0
3.1503,5.9719,1.3097,12.0,12.0,40.9957,52.045,-0.3369,0.1801,25.0,25.0
3.1586,5.983,1.3222,12.0,12.0,44.1326,47.7498,2.6106,10.6345,25.0,25.0
3.1673,5.994,1.3156,12.0,12.0,46.7484,45.7296,-0.1465,-0.1464,25.0,25.0
3.1754,6.0052,1.3543,12.0001,12.0,48.82,48.8651,10.0441,-0.7822,25.0,25.0
3.1836,6.0165,1.3409,12.0,12.0,51.1229,45.259,2.0282,1.6714,25.0,25.0
3.1919,6.0279,1.3828,12.0,12.0,54.0912,48.4182,10.7054,-0.9985,25.0,25.0
3.2003,6.039,1.3099,12.0,12.0,43.6569,44.1033,3.5358,3.5358,25.0,25.0
3.2086,6.05,1.3251,12.0,12.0,46.705,47.1381,-0.2769,-0.2769,25.0,25.0
3.2169,6.0612,1.3402,12.0,12.0,49.6625,50.0819,-0.2816,-0.2816,25.0,25.0
3.2252,6.0721,1.301,12.0,11.9999,45.6472,45.466,1.5526,4.7164,25.0,25.0
3.2335,6.0828,1.2923,12.0,12.0,43.0777,48.3403,-0.2707,-0.2704,25.0,25.0
3.2419,6.0937,1.2909,12.0,12.0,46.0689,44.1355,1.8257,1.8922,25.0,25.0
3.2503,6.1045,1.3061,12.0,12.0,49.0432,47.169,-0.2757,-0.2757,25.0,25.0
3.2586,6.1155,1.3212,12.0,12.0,51.9245,50.1113,-0.2805,-0.2805,25.0,25.0
3.2669,6.1264,1.274,12.0,12.0,46.6845,45.4726,5.451,4.1885,25.0,25.0
3.2752,6.1367,1.2398,12.0,12.0,43.6973,42.1782,-0.2593,-0.2591,25.0,25.0
3.2836,6.1471,1.255,12.0,12.0,46.7375,45.263,-0.2639,-0.2639,25.0,25.0
3.2919,6.1577,1.273,12.0,12.0,49.7034,48.2243,0.2812,0.1069,25.0,25.0
3.3002,6.1683,1.2767,12.0,11.7968,44.7981,51.0037,6.4694,25.0,25.0,25.0
3.3085,6.1792,1.3127,12.0,12.0,47.9342,53.9385,-0.7163,6.3573,25.0,25.0
3.3169,6.1897,1.2441,12.0001,11.9999,42.3699,44.0021,9.6026,3.6433,25.0,25.0
3.3252,6.2001,1.2496,12.0,12.0,45.4305,41.8487,1.8893,-0.4614,25.0,25.0
3.3336,6.2107,1.2777,12.0001,12.0,48.5033,45.0278,17.66,-1.3662,25.0,25.0
3.3419,6.2215,1.2985,12.0,12.0,51.4382,48.0611,-0.2228,-0.2854,25.0,25.0
3.3502,6.2322,1.2798,12.0,12.0,46.3975,50.6113,2.1072,2.1072,25.0,25.0
3.3585,6.2428,1.2683,12.0,12.0,43.8248,53.314,-0.2816,-0.2815,25.0,25.0
3.3669,6.2533,1.2499,12.0,12.0,46.7009,48.2585,2.0788,2.0788,25.0,25.0
3.3752,6.2635,1.2205,12.0,12.0,49.4329,41.2963,1.1368,1.1368,25.0,25.0
3.3836,6.2738,1.2355,12.0,12.0,52.297,44.4113,-0.277,-0.277,25.0,25.0
3.3919,6.2838,1.1926,12.0,12.0,41.0389,47.132,1.5442,1.5442,25.0,25.0
3.4002,6.2938,1.2075,12.0,12.0,44.1573,50.0671,-0.2666,-0.2666,25.0,25.0
3.4086,6.3039,1.1899,12.0,12.0,47.0172,44.7902,2.0772,2.0773,25.0,25.0
3.4169,6.3139,1.205,12.0,12.0,49.9563,47.7989,-0.267,-0.267,25.0,25.0
3.4252,6.324,1.2202,12.0,12.0,52.8016,50.7157,-0.2718,-0.2718,25.0,25.0
3.4377,6.3382,1.1262,12.0,12.0,42.434,40.6985,-0.2464,-0.2464,25.0,25.0
3.4502,6.3524,1.1423,12.0,12.0,46.9723,44.0495,0.1011,0.1011,25.0,25.0
3.4627,6.3668,1.1429,12.0,12.0,51.2269,43.2766,0.5279,0.5279,25.0,25.0
3.4752,6.3809,1.0985,12.0,12.0,43.0512,36.4111,2.653,2.6571,25.0,25.0
3.4877,6.395,1.1412,12.0,11.9998,47.717,40.8909,-0.4282,4.9549,25.0,25.0
3.5003,6.4093,1.1287,12.0,11.9998,46.5722,38.0742,2.1377,7.398,25.0,25.0
3.5127,6.4234,1.1477,12.0,11.9998,47.2475,42.8275,-1.2932,16.9701,25.0,25.0
3.5252,6.4379,1.1557,12.0,12.0,48.3987,45.8835,1.0276,1.0276,25.0,25.0
3.5377,6.4524,1.1583,12.0,12.0,48.5703,47.0459,0.3549,0.3561,25.0,25.0
3.5502,6.467,1.1648,12.0,12.0,52.0084,48.6784,0.0177,0.0177,25.0,25.0
3.5627,6.4817,1.1853,12.0,12.0,56.1232,52.4226,-0.2778,-0.2778,25.0,25.0
3.5752,6.4962,1.1253,12.0,12.0,47.5568,49.1962,3.374,3.374,25.0,25.0
3.5877,6.5096,1.0615,12.0,12.0,40.7301,44.5203,0.7841,0.7841,25.0,25.0
3.6002,6.5232,1.094,12.0,12.0,45.4285,49.0504,-0.7634,7.6556,25.0,25.0
3.6127,6.537,1.1187,12.0001,12.0,49.8914,49.3217,13.9255,7.9238,25.0,25.0
3.6252,6.5512,1.1412,11.9999,12.0,50.3265,52.1229,18.1539,-0.016,25.0,25.0
3.6377,6.5656,1.1595,12.0,12.0,48.1136,56.1413,0.1281,2.2895,25.0,25.0
3.6502,6.5799,1.1237,12.0,12.0,47.5745,49.6716,1.4479,1.4487,25.0,25.0
3.6627,6.5937,1.1004,12.0,12.0,46.4133,49.3342,0.518,0.518,25.0,25.0
3.6752,6.6075,1.0994,12.0,12.0,45.524,53.4744,0.1898,0.1898,25.0,25.0
3.6877,6.6212,1.0917,12.0,12.0,46.0576,52.6404,1.5882,1.5981,25.0,25.0
3.7002,6.6348,1.087,12.0,12.0,46.3109,53.353,0.4753,0.4758,25.0,25.0
3.7127,6.6487,1.123,12.0,11.9999,47.3424,57.4889,0.0224,12.6533,25.0,25.0
3.7252,6.6623,1.0879,12.0001,11.9999,45.2314,52.2823,9.4288,1.1394,25.0,25.0
3.7377,6.6762,1.1191,12.0,12.0,49.7397,56.4393,-0.2773,-0.2773,25.0,25.0
3.7502,6.69,1.0667,12.0,12.0,43.6031,50.5252,2.2968,2.2968,25.0,25.0
3.7627,6.7033,1.0696,12.0,12.0,48.0314,50.3619,-0.0597,-0.0597,25.0,25.0
3.7752,6.7168,1.0769,12.0,11.9999,47.1056,54.4981,6.1288,5.1891,25.0,25.0
3.7877,6.7299,1.0346,12.0,12.0,44.3996,47.8971,0.9657,0.9657,25.0,25.0
3.8002,6.7429,1.0496,12.0,12.0,48.8626,48.8877,3.9123,-0.5607,25.0,25.0
3.8128,6.7563,1.065,12.0,12.0,47.6122,53.1451,1.4271,1.4289,25.0,25.0
3.8252,6.7695,1.0741,12.0,11.9997,45.7672,57.1666,-1.6257,19.2033,25.0,25.0
3.8377,6.7826,1.0438,12.0,12.0,49.9358,48.5912,0.3786,0.3786,25.0,25.0
3.8502,6.7955,1.0305,12.0,12.0,46.9425,51.2313,-0.266,-0.266,25.0,25.0
3.8627,6.8085,1.0398,12.0,11.9998,46.1725,55.331,-0.2018,10.1923,25.0,25.0
3.8753,6.8213,1.0138,12.0,12.0,47.6526,49.3686,2.2347,1.5066,25.0,25.0
3.8877,6.834,1.033,12.0001,12.0,48.8132,51.2687,24.4228,-1.7021,25.0,25.0
3.9002,6.8469,1.0415,12.0,12.0,49.0816,55.3613,-0.274,-0.2738,25.0,25.0
3.9127,6.8601,1.0484,12.0,12.0,46.5758,54.709,1.1537,4.0793,25.0,25.0
3.9253,6.8731,1.0373,12.0,11.9999,44.7308,56.6996,1.5088,2.6222,25.0,25.0
3.9378,6.886,1.025,12.0,12.0,49.0478,52.0576,4.5188,0.464,25.0,25.0
3.9502,6.8988,1.0013,12.0,12.0,42.606,53.5741,1.1578,1.1577,25.0,25.0
3.9627,6.9114,0.9973,12.0,12.0,47.0489,51.1347,1.6593,1.6593,25.0,25.0
3.9752,6.9237,0.9899,12.0001,12.0,51.295,45.8875,14.7551,-0.4657,25.0,25.0
3.9877,6.9357,0.9501,12.0,12.0,43.7811,45.9578,6.3367,1.224,25.0,25.0
4.0002,6.9477,0.9692,12.0,12.0,48.2811,49.3622,-0.1784,-0.1784,25.0,25.0
4.0127,6.9599,0.9679,12.0,12.0,47.6994,52.7661,1.3164,1.3164,25.0,25.0
4.0252,6.9719,0.9698,12.0,11.9998,45.5218,56.6645,-0.8371,12.8541,25.0,25.0
4.0377,6.9841,0.9637,12.0,12.0,47.8373,51.6661,0.6582,11.9172,25.0,25.0
4.0502,6.996,0.9532,12.0,12.0,46.0934,53.8882,0.3438,0.3438,25.0,25.0
4.0627,7.0081,0.9566,12.0,12.0,47.5008,52.725,1.3276,1.328,25.0,25.0
4.0752,7.0199,0.9394,12.0,12.0,46.5409,52.937,-0.2353,-0.2353,25.0,25.0
4.0877,7.0318,0.9449,12.0,12.0,44.8565,56.9218,11.5126,0.9718,25.0,25.0
4.1002,7.0431,0.9078,12.0,12.0,44.2278,50.0496,13.0133,-0.3518,25.0,25.0
4.1127,7.0547,0.9357,12.0,12.0,48.7565,53.5431,-0.2677,-0.2678,25.0,25.0
4.1252,7.0667,0.9538,12.0,12.0,53.0379,50.617,6.7387,1.5446,25.0,25.0
4.1377,7.0778,0.8681,12.0,12.0,43.1804,42.2124,1.7725,1.7993,25.0,25.0
4.1502,7.0889,0.9023,12.0,11.9999,47.7846,46.8595,-1.0916,14.35,25.0,25.0
4.1627,7.1005,0.9337,12.0,12.0,52.0547,51.2851,-0.2384,-0.2382,25.0,25.0
4.1752,7.1121,0.9277,12.0,12.0,55.7499,47.7736,0.1416,0.1417,25.0,25.0
4.1877,7.1238,0.9278,12.0,12.0,52.3203,48.4624,7.5676,2.153,25.0,25.0
4.2002,7.135,0.8886,12.0,12.0,47.9777,47.2078,0.8889,0.8889,25.0,25.0
4.2127,7.146,0.8816,12.0,12.0,51.7273,45.2383,0.3252,0.3252,25.0,25.0
4.2252,7.1571,0.8887,12.0,12.0,55.78,45.9434,0.0754,0.0754,25.0,25.0
4.2377,7.1682,0.8792,12.0,12.0,52.6148,46.951,2.4958,1.1409,25.0,25.0
4.2502,7.1793,0.8949,12.0001,12.0,56.1469,44.8727,15.3917,14.297,25.0,25.0
4.2627,7.1906,0.8983,12.0,12.0,53.3541,49.258,0.4215,1.0555,25.0,25.0
4.2752,7.2018,0.9083,12.0,12.0,56.6419,47.5323,-0.2764,-0.2763,25.0,25.0
4.2877,7.2131,0.8788,12.0,12.0,50.6415,45.7527,2.7138,2.866,25.0,25.0
4.3002,7.2238,0.8584,12.0,12.0,49.8006,45.5327,0.0804,0.0804,25.0,25.0
4.3128,7.2347,0.8813,12.0,12.0,53.6871,49.9759,1.0381,-0.3461,25.0,25.0
4.3252,7.2458,0.8651,12.0,12.0,52.3537,48.0952,3.2018,3.2018,25.0,25.0
4.3377,7.2563,0.836,12.0,12.0,51.0483,43.5798,0.0189,0.02,25.0,25.0
4.3502,7.267,0.871,12.0,12.0,55.2841,48.1781,5.4595,5.5217,25.0,25.0
4.3627,7.2779,0.876,12.0,11.7458,50.2728,52.4263,-0.6929,25.0,25.0,25.0
4.3752,7.2884,0.8226,12.0,12.0,48.4541,44.2576,1.2113,1.2113,25.0,25.0
4.3877,7.2986,0.8261,12.0,12.0,50.2403,46.2167,1.1434,-0.1893,25.0,25.0
4.4002,7.3093,0.869,12.0,12.0,54.5672,50.7423,6.9198,-0.7244,25.0,25.0
4.4127,7.3199,0.8369,12.0,12.0,49.87,50.6482,1.1557,1.1557,25.0,25.0
4.4252,7.3303,0.8262,12.0,12.0,50.9948,50.5562,0.2829,0.2829,25.0,25.0
4.4377,7.3407,0.844,12.0,12.0,55.1436,53.1935,-0.4166,1.8124,25.0,25.0
4.4502,7.3513,0.8269,12.0,11.9999,49.8784,51.0509,2.3996,13.8322,25.0,25.0
4.4669,7.3644,0.7751,12.0,12.0,47.12,46.7199,0.7191,0.7197,25.0,25.0
4.4836,7.3774,0.7813,12.0,12.0,49.0723,51.0368,0.0183,0.0183,25.0,25.0
4.5002,7.3908,0.8266,12.0,12.0,53.9637,56.6299,5.8792,-0.6741,25.0,25.0
4.5127,7.4009,0.8021,12.0,11.9999,52.6323,51.5423,15.258,4.6176,25.0,25.0
4.5294,7.4143,0.8283,12.0,11.9999,53.786,54.7687,5.2255,20.3236,25.0,25.0
4.5419,7.4246,0.797,12.0001,12.0,50.8372,47.9556,22.5377,2.0201,25.0,25.0
4.5586,7.4371,0.7405,12.0,12.0,45.1886,43.8566,0.1089,0.1089,25.0,25.0
4.5752,7.4498,0.7725,12.0,12.0,51.0748,49.8338,-0.267,-0.267,25.0,25.0
4.5919,7.4628,0.7816,12.0,12.0,56.4722,50.0576,0.0819,0.0819,25.0,25.0
4.6085,7.4759,0.7971,12.0,12.0,57.4706,54.9049,5.6016,1.5319,25.0,25.0
4.621,7.4861,0.7892,12.0,12.0,55.482,51.5528,3.7545,3.8201,25.0,25.0
4.6377,7.4991,0.7679,12.0,12.0,57.0919,42.4542,0.7944,0.7947,25.0,25.0
4.6544,7.5113,0.733,12.0,12.0,49.1954,44.5718,0.1325,0.1325,25.0,25.0
4.6711,7.5239,0.7649,12.0,12.0,54.8379,50.5126,-0.2746,-0.2746,25.0,25.0
4.6877,7.5371,0.7903,12.0,12.0,58.9292,49.7047,1.6864,1.6869,25.0,25.0
4.7044,7.5497,0.7165,12.0,12.0,54.898,41.1898,1.847,1.847,25.0,25.0
4.721,7.5619,0.7284,12.0,12.0,54.0644,47.2366,1.4625,1.4632,25.0,25.0
4.7377,7.5742,0.749,12.0,12.0,56.313,52.9598,-0.2757,-0.2757,25.0,25.0
4.7544,7.5859,0.6963,12.0,12.0,53.556,46.7392,-0.0595,-0.0595,25.0,25.0
4.7711,7.5975,0.6802,12.0,12.0,54.1765,46.0063,1.188,1.188,25.0,25.0
4.7877,7.6091,0.6991,12.0,12.0,57.251,45.9716,5.914,1.2722,25.0,25.0
4.8044,7.6202,0.6673,12.0,11.9999,45.7356,47.1028,-0.7083,24.4025,25.0,25.0
4.8211,7.6315,0.6766,12.0,12.0,47.0445,48.1094,0.7557,10.6927,25.0,25.0
4.8377,7.6428,0.6809,12.0,12.0,50.3416,50.0333,0.0476,0.0476,25.0,25.0
4.8544,7.6545,0.7243,12.0,12.0,54.1376,55.688,17.6509,-1.3131,25.0,25.0
4.8711,7.6664,0.6809,12.0,12.0,49.0266,53.2609,3.6085,1.9058,25.0,25.0
4.8877,7.6778,0.7034,12.0,11.8165,47.572,57.1041,-1.5121,25.0,25.0,25.0
4.9044,7.6891,0.6711,12.0,12.0,49.5555,51.6944,0.2137,0.2137,25.0,25.0
4.9211,7.7004,0.6881,12.0,12.0,52.0917,57.0941,-0.1105,-0.1105,25.0,25.0
4.9377,7.7116,0.668,12.0001,12.0,51.0844,54.308,17.6657,0.7326,25.0,25.0
4.9544,7.7222,0.6037,12.0,12.0,46.2859,48.7602,1.6589,1.6589,25.0,25.0
4.9752,7.7343,0.5869,12.0,12.0,48.7247,48.4752,-0.2519,-0.2519,25.0,25.0
4.9919,7.7447,0.6517,12.0,12.0,54.5748,54.342,2.8349,3.7717,25.0,25.0
5.0086,7.7559,0.6516,12.0,12.0,53.2796,51.3461,2.5869,1.4817,25.0,25.0
5.0252,7.767,0.6862,12.0,12.0,57.0223,53.9572,-0.2857,-0.2849,25.0,25.0
5.0419,7.7777,0.61,12.0,12.0,46.7132,47.9562,1.6714,1.672,25.0,25.0
5.0586,7.7877,0.607,12.0,12.0,49.484,48.9305,-0.1151,-0.1151,25.0,25.0
5.0752,7.7981,0.6361,12.0,12.0,54.4277,54.5778,-0.2759,-0.2759,25.0,25.0
5.0919,7.8087,0.6122,12.0,12.0,49.2173,57.1504,1.7531,1.7531,25.0,25.0
5.1127,7.821,0.5648,12.0,12.0,48.3994,52.6648,0.9849,0.9849,25.0,25.0
5.1336,7.833,0.5706,12.0,12.0,55.0263,52.2384,1.5676,1.5676,25.0,25.0
5.1544,7.8438,0.493,12.0,12.0,42.2349,52.408,0.9053,0.9053,25.0,25.0
5.1753,7.8541,0.488,12.0,12.0,45.9891,52.9277,0.3556,0.3556,25.0,25.0
5.1961,7.8645,0.4917,12.0,12.0,53.0353,51.9271,0.4666,0.4666,25.0,25.0
5.221,7.876,0.4614,12.0,12.0,49.3734,54.2611,1.1729,1.1729,25.0,25.0
5.246,7.8869,0.4336,12.0,12.0,49.8704,53.851,1.3483,1.3483,25.0,25.0
5.2752,7.8983,0.3677,12.0,12.0,46.963,50.4881,0.2534,0.2534,25.0,25.0
5.3044,7.9088,0.3456,12.0,12.0,46.6382,53.822,-0.1189,-0.1189,25.0,25.0
5.3294,7.9202,0.5282,12.0,12.0,48.1992,55.8856,8.9326,9.7132,25.0,25.0
5.3502,7.9313,0.5248,12.0,12.0,44.8735,53.5811,2.0096,2.0102,25.0,25.0
5.3711,7.9427,0.5579,12.0,12.0,47.5393,54.0593,2.4568,5.1535,25.0,25.0
5.3919,7.9546,0.5436,12.0001,12.0,47.5788,51.7247,5.2306,0.6432,25.0,25.0
5.4128,7.9656,0.5475,12.0,12.0,49.6275,56.354,-0.2428,-0.2428,25.0,25.0
5.4336,7.9757,0.4823,12.0001,12.0,45.2867,52.0856,7.5262,-0.6282,25.0,25.0
5.4544,7.9864,0.4938,12.0,12.0,42.175,51.1917,3.2301,7.7218,25.0,25.0
5.4752,7.9975,0.5416,12.0001,12.0,49.6261,51.0471,5.6338,1.6168,25.0,25.0
5.496,8.0082,0.495,12.0001,12.0,44.4744,45.434,3.0919,-0.0606,25.0,25.0
5.5169,8.0191,0.539,12.0,12.0,51.7851,52.3338,-0.2359,-0.2359,25.0,25.0
5.5377,8.0308,0.5593,12.0,12.0,58.3812,53.8001,4.0849,1.5251,25.0,25.0
5.5586,8.0431,0.6511,12.0,11.9999,56.9494,56.7891,16.8116,18.551,25.0,25.0
5.5794,8.0544,0.5036,12.0,12.0,41.0223,50.2064,1.1927,1.1924,25.0,25.0
5.6002,8.0657,0.5567,12.0,12.0,48.5806,52.7021,1.3958,1.3966,25.0,25.0
5.6211,8.0772,0.5422,12.0,12.0,44.6649,57.0763,3.838,3.9319,25.0,25.0
5.6419,8.0889,0.6121,12.0,12.0,49.7592,58.2959,3.8027,5.2439,25.0,25.0
5.6627,8.1011,0.5889,12.0,12.0,46.8342,54.8117,1.5467,1.5475,25.0,25.0
5.6835,8.1134,0.5696,12.0001,11.9999,45.0069,54.3538,5.6973,10.3385,25.0,25.0
5.7044,8.1256,0.6155,12.0,11.9999,45.6858,58.2339,-0.9253,10.1885,25.0,25.0
5.721,8.1358,0.6171,12.0,12.0,46.0701,58.5132,1.3471,8.3488,25.0,25.0
5.7419,8.1481,0.6092,12.0,12.0,49.2289,56.2215,-0.2336,-0.2336,25.0,25.0
5.7586,8.1581,0.6025,12.0,12.0,45.917,55.9206,-0.2301,-0.2301,25.0,25.0
5.7752,8.1686,0.611,12.0001,11.9999,45.8816,54.838,5.4563,14.4174,25.0,25.0
5.7961,8.1808,0.575,12.0,12.0,45.7069,51.2064,0.3645,0.3641,25.0,25.0
5.8127,8.1911,0.6529,12.0008,12.0,51.6121,53.8472,11.7643,-0.4323,25.0,25.0
5.8294,8.2021,0.646,12.0,12.0,36.7973,44.22,1.8595,1.8618,-25.0,-25.0
5.8461,8.2137,0.743,12.0002,11.9999,28.9727,36.0203,1.2363,23.4051,-25.0,-25.0
5.8628,8.2271,0.8357,12.0001,12.0,21.3876,25.0898,7.256,3.4312,-25.0,-25.0
5.8753,8.2381,0.9217,12.0001,11.9999,14.5582,18.9125,12.5326,18.1141,-25.0,-25.0
5.8877,8.2502,1.0133,12.0001,11.9491,12.0,12.5828,19.2049,25.0,1.4809,-25.0
5.9002,8.2636,1.101,12.0,12.0,12.0,12.0,24.8115,-0.8104,-0.5327,16.6473
5.9127,8.278,1.1673,12.0,12.0,11.0666,11.4187,1.2201,1.2258,25.0,25.0
5.9211,8.2881,1.223,12.0001,11.9999,12.0,12.0,7.6157,6.4531,2.1475,15.931
5.9294,8.2984,1.2375,12.0,12.0,11.776,12.0,0.5345,0.5367,25.0,0.5381
5.9378,8.309,1.2865,12.0001,11.9999,12.0,11.9264,4.1943,7.9623,5.4032,25.0
5.9461,8.3199,1.3017,12.0,12.0,10.9677,12.0,0.7224,0.7243,25.0,3.8448
5.9544,8.3309,1.3303,12.0,11.9999,12.0001,11.8165,0.2287,7.5821,18.1948,25.0
5.9627,8.342,1.3392,12.0,12.0,11.1154,12.0,0.9392,0.9392,25.0,4.2913
5.971,8.3533,1.3684,12.0001,11.9999,11.7598,11.5866,5.6975,1.0987,25.0,25.0
5.9795,8.3649,1.3929,12.0,12.0,11.3673,12.0,0.9255,0.9259,25.0,7.8251
5.9877,8.3768,1.4434,12.0001,11.9999,12.0,11.1708,8.1434,8.5505,17.1135,25.0
5.996,8.389,1.4618,12.0,12.0,11.5255,11.9998,0.9259,0.9286,25.0,8.8584
6.0044,8.4015,1.5155,12.0002,11.9999,11.006,11.1099,5.8255,13.0626,25.0,25.0
6.0127,8.4142,1.5319,12.0,12.0,11.2296,11.9999,0.9035,0.904,25.0,5.2012
6.0211,8.4273,1.5834,12.0,11.9999,12.0001,11.7095,8.5664,8.8162,20.4689,25.0
6.0294,8.4405,1.5945,12.0,12.0,11.1572,11.9998,0.9024,0.9033,25.0,3.3828
6.0377,8.4542,1.6579,12.0,11.9999,12.0001,11.8193,8.2635,7.2766,23.3915,25.0
6.046,8.4681,1.6693,12.0,12.0,11.5758,11.9997,0.8849,0.8852,25.0,3.5211
6.0544,8.4824,1.7243,12.0001,11.9999,12.0001,11.785,4.3756,10.1831,9.1047,25.0
6.0628,8.4968,1.7331,12.0,12.0,11.6903,11.9998,0.8327,0.8334,25.0,4.3977
6.0711,8.5117,1.8026,12.0,11.9999,11.6956,12.0,2.7031,7.0886,25.0,24.5906
6.0795,8.5268,1.8088,12.0,12.0,11.5521,11.9998,0.7839,0.7839,25.0,1.4982
6.0879,8.5422,1.8627,12.0,12.0,12.0001,12.0001,5.1093,5.236,11.1066,18.5245
6.0962,8.5577,1.8654,12.0,12.0,11.7558,11.9998,0.8618,0.8618,25.0,2.2092
6.1047,8.5737,1.931,12.0,12.0,11.4294,12.0001,2.7704,6.8161,25.0,23.5752
6.1129,8.5899,1.9362,12.0,12.0,11.6983,11.9998,0.8278,0.8278,25.0,1.2291
6.1213,8.6064,1.9969,12.0,12.0,12.0,12.0001,3.9002,4.7279,10.5198,17.2844
6.1296,8.6231,1.9959,12.0,12.0,11.9999,12.0,0.9154,0.9154,23.9767,1.687
6.1379,8.6402,2.0596,12.0,12.0,11.9278,12.0,1.5205,5.7449,25.0,22.0215
6.1465,8.6573,2.0599,12.0,12.0,11.9809,12.0,0.8457,0.8457,25.0,0.8702
6.1546,8.6749,2.1143,12.0,12.0,11.9999,12.0001,3.2749,4.671,9.2638,13.8083
6.1628,8.6925,2.1034,12.0,12.0,11.9999,12.0,1.0785,1.0785,12.2123,1.0457
6.1713,8.7103,2.1443,12.0004,11.9993,12.0024,11.9977,2.6276,6.6242,4.9973,7.4152
6.1795,8.7281,2.1377,12.0,12.0,11.9979,11.9908,1.4057,1.4057,22.5969,25.0
6.188,8.746,2.1443,12.0005,12.0006,12.0047,11.9941,1.9248,1.9393,-0.5038,6.427
6.1962,8.7638,2.1371,12.0111,12.0,11.9877,12.0031,-5.073,0.6064,17.0473,0.4444
6.2046,8.7817,2.1447,12.0,12.0009,11.9998,11.999,0.6582,-0.5914,-1.2494,0.884
6.213,8.7995,2.1377,12.0078,12.0,11.99,12.0038,-2.5788,0.6185,15.2122,0.4023
6.2215,8.8174,2.1446,11.999,12.001,12.0002,11.9999,-0.3154,-3.9107,-0.044,-1.5502
6.2298,8.8352,2.1385,12.0079,12.0,11.9998,12.0024,-1.4702,0.4155,18.3083,2.8352
6.2382,8.8531,2.145,11.9997,12.0,12.0,12.0,-0.2127,-2.0982,0.1754,-0.3572
6.2464,8.8709,2.1387,11.9978,12.0187,11.9877,11.9971,-3.2172,-14.1681,11.3711,0.9221
6.2546,8.8888,2.1445,12.0013,11.9995,11.9997,11.9995,-1.0827,0.479,-0.1798,-0.4185
6.2631,8.9066,2.1393,12.0033,12.0172,11.9813,11.998,1.7918,-8.2912,16.6348,4.5827
6.2717,8.9244,2.1444,12.001,11.999,12.0,11.9999,-0.4325,0.507,0.2419,-1.3325
6.2798,8.9423,2.1399,12.0042,12.0176,11.9815,11.9965,0.8801,-8.6046,16.1697,5.5621
6.2878,8.9601,2.1439,12.0,12.0,12.0,11.9999,0.2787,0.2492,0.3283,0.1621
6.2963,8.9779,2.1405,12.0024,12.015,11.9832,11.9992,2.1699,-6.6291,15.0922,3.9262
6.3045,8.9958,2.144,12.0,12.0,12.0,11.9999,0.3041,0.2776,0.3113,0.0254
6.313,9.0136,2.1408,11.9993,12.0145,11.9895,11.9973,-1.678,-10.1953,9.1693,1.8361
6.3212,9.0315,2.1435,12.0013,11.9994,11.9997,11.9996,-0.5188,1.6604,-0.3116,-0.5188
6.3296,9.0493,2.1414,12.0027,12.014,11.9847,11.9986,3.9918,-4.6072,16.2667,5.6053
6.3379,9.0672,2.1434,12.0,11.9998,12.0,12.0,0.197,0.5065,0.3245,-0.7688
6.3464,9.085,2.1416,12.0016,12.0125,11.9867,11.9991,3.9156,-3.9717,14.043,4.8434
6.3545,9.1028,2.1433,12.0,12.0,12.0,11.9998,0.3559,0.3057,0.3008,-0.0606
6.3629,9.1207,2.1419,12.0033,12.0131,11.9867,11.997,2.3795,-4.0166,13.7207,6.703
6.3711,9.1385,2.1438,12.0001,12.0,12.0,12.0,-0.5316,0.1236,0.2466,0.3356
6.3795,9.1564,2.1424,12.0013,12.0117,11.9888,11.9983,-0.576,-7.3126,8.0049,1.6537
6.3878,9.1742,2.1434,12.0,12.0,12.0,11.9998,0.3562,0.2854,0.352,-0.3431
6.3962,9.1921,2.1426,12.0,12.0098,11.9912,11.999,0.6506,-5.3728,6.9262,1.7921
6.4045,9.2099,2.1424,12.0,12.0,12.0,11.9987,0.4286,0.4137,0.405,-0.2571
6.4129,9.2278,2.1429,12.0006,12.0092,11.9941,11.9965,0.318,-4.8742,6.4594,3.5747
6.4211,9.2456,2.1422,12.0,12.0,12.0,11.9992,0.4117,0.4121,0.3454,-0.467
6.4295,9.2635,2.1433,11.9994,12.0078,11.9928,12.0,2.0099,-3.3803,6.7533,1.7592
6.4378,9.2813,2.1408,12.0,12.0,12.0,12.0003,0.4548,0.5171,0.4407,-1.1216
6.4462,9.2992,2.1433,12.0004,12.0082,11.9936,11.9978,4.3132,-0.5687,9.2395,6.235
6.4546,9.317,2.1342,12.0,12.0,11.9998,12.0,1.0096,1.0221,12.0505,0.9969
6.463,9.3348,2.1436,12.0003,12.0058,11.9962,11.9978,1.9115,-2.0482,5.5235,3.5106
6.4712,9.3526,2.1317,12.0,12.0,11.9999,12.0,1.0309,1.0378,7.9617,1.034
6.4796,9.3705,2.1437,12.0006,12.0049,11.9958,11.9987,2.5054,-0.5436,6.0419,3.7173
6.4879,9.3883,2.1363,12.0,12.0,11.9998,12.0,0.9124,0.9121,15.7734,0.9138
6.4962,9.4061,2.1439,12.0006,12.0052,11.9972,11.997,1.186,-2.1408,3.8877,3.6294
6.5045,9.424,2.1321,12.0,12.0,11.9999,12.0,1.0202,1.027,7.5819,1.039
6.5129,9.4418,2.1441,11.9991,12.0044,11.9982,11.9982,2.0382,-1.4206,2.9294,2.9142
6.5212,9.4596,2.1312,12.0,12.0,11.9998,12.0,0.998,0.9975,7.7751,0.9992
6.5296,9.4775,2.1441,11.999,12.0023,12.0004,11.9983,3.1341,0.1207,1.9893,2.8708
6.5379,9.4953,2.1379,12.0,12.0,11.9998,12.0,0.9013,0.9009,16.9691,0.9032
6.5462,9.5132,2.1443,11.9997,12.0027,12.0011,11.9965,1.0475,-1.0717,0.3913,3.2743
6.5545,9.531,2.1313,12.0,12.0,11.9999,12.0,1.0496,1.0627,7.6217,1.0566
6.563,9.5488,2.1445,11.9978,12.0007,12.0021,11.9994,2.851,1.1003,0.2614,2.0573
6.5712,9.5667,2.137,12.0,12.0,11.9998,12.0,0.9571,0.9567,14.9482,0.959
6.5795,9.5845,2.1443,11.9987,12.0005,12.0036,11.9972,1.0565,-0.1033,-2.0334,2.3428
6.5878,9.6023,2.1305,12.0,12.0,11.9999,12.0,1.0525,1.0624,7.4304,1.0548
6.5962,9.6202,2.1445,11.9977,12.0,12.0033,11.999,1.7873,0.3734,-1.7532,1.1841
6.6046,9.638,2.1359,12.0083,12.0,11.9874,12.0057,-0.6894,0.7231,18.7332,1.234
6.6129,9.6559,2.1441,11.9988,11.998,12.0051,11.999,3.5535,2.3514,-1.9569,1.2597
6.6212,9.6737,2.1371,12.0129,12.0,11.98,12.0069,-2.2886,0.6722,19.8462,2.1903
6.6295,9.6916,2.1442,11.9987,11.9988,12.0047,11.9975,2.7239,2.3204,-1.9965,3.1285
6.6378,9.7094,2.1373,12.009,12.0,11.9879,12.0043,-1.2852,0.6988,17.684,2.1315
6.6462,9.7273,2.1441,12.0001,11.9967,12.007,11.9971,3.6339,3.771,-2.8143,3.2465
6.6546,9.7451,2.1377,12.007,12.0,11.9896,12.0044,0.3746,0.6908,16.6838,2.5493
6.6629,9.7629,2.1435,12.0,11.9996,12.0001,12.0008,1.5143,2.1316,-0.3698,4.6406
6.6712,9.7808,2.1385,12.0085,12.0,11.9901,12.0027,-1.3186,0.6569,15.8061,2.8842
6.6795,9.7986,2.1427,12.0,12.0001,12.0,11.9999,0.5182,0.7597,0.4642,1.8836
6.6878,9.8164,2.1383,11.9984,12.0159,11.9887,11.9985,-0.2421,-10.3862,13.0176,1.7984
6.6963,9.8343,2.1443,11.9992,12.0,12.0,12.001,1.9418,2.5866,-1.3292,0.1382
6.7045,9.8521,2.1384,12.0012,12.0149,11.9901,11.9951,0.1431,-9.9341,12.938,3.5592
6.7128,9.87,2.1412,12.0,12.0,12.0,11.9999,0.475,0.4725,0.5221,1.0738
6.7212,9.8878,2.1397,12.0038,12.0165,11.9807,11.9989,2.9466,-5.966,18.5368,5.7077
6.7295,9.9056,2.1429,12.0,12.0,12.0,11.9999,0.365,0.3882,0.4231,0.3348
6.7379,9.9234,2.1399,11.999,12.0137,11.9893,11.9991,-0.4505,-9.2156,10.4382,0.9723
6.7461,9.9413,2.1434,12.0003,11.9998,12.0,12.0001,0.7417,1.2879,-0.3073,-0.2738
6.7545,9.9591,2.1405,12.0039,12.0152,11.9831,11.9978,2.9899,-5.4059,17.138,6.1719
6.7628,9.977,2.1435,12.0,12.0,12.0,11.9999,0.2691,0.2723,0.3435,0.0544
6.7712,9.9948,2.1411,12.0028,12.0137,11.9853,11.9982,2.8623,-4.8814,14.7503,5.3819
6.7795,10.0126,2.1439,12.0,12.0,12.0,11.9998,0.2849,0.2284,0.3034,-0.045
6.7878,10.0305,2.1415,11.9991,12.0112,11.9905,11.9988,-1.1102,-7.8708,7.7524,0.9263
6.7961,10.0483,2.1432,12.0015,11.9995,11.9997,11.9993,-0.6576,1.9076,-0.6322,-1.0704
6.8046,10.0661,2.1419,12.0028,12.0123,11.9878,11.9971,3.9673,-3.3388,14.2685,6.7407
6.8128,10.084,2.1438,12.0,12.0,12.0,11.9999,0.1994,0.1812,0.276,-0.1921
6.8212,10.1018,2.1424,12.0011,12.0101,11.9891,11.9997,-0.8806,-6.7282,6.8491,0.3114
6.8295,10.1197,2.1434,12.0001,11.9998,12.0,11.9997,0.0975,0.4864,0.2607,-1.2927
6.8379,10.1375,2.1426,12.0016,12.0102,11.9903,11.9979,2.0565,-3.2614,9.8738,4.8163
6.8461,10.1554,2.1437,12.0,12.0,12.0,12.0,0.3452,0.3371,0.3358,0.3556
6.8545,10.1732,2.143,12.0001,12.0081,11.9938,11.9985,0.2917,-4.5064,6.6832,1.9091
6.8628,10.1911,2.1436,12.0,12.0,12.0,12.0,0.3596,0.3617,0.3009,0.3463
6.8712,10.2089,2.1431,11.9999,12.0076,11.9926,11.9999,1.4388,-3.5468,6.5543,1.5315
6.8794,10.2268,2.1413,12.0,12.0,12.0,11.9999,0.4296,0.4662,0.4278,-1.1026
6.8878,10.2446,2.1433,12.0013,12.0083,11.9923,11.9982,3.3512,-1.1706,9.7371,5.4792
6.8961,10.2625,2.143,12.0,12.0,12.0,11.9999,0.3466,0.3538,0.3457,0.2318
6.9046,10.2803,2.1436,12.0004,12.0061,11.9952,11.9983,2.9401,-1.0835,6.6876,4.2972
6.9128,10.2982,2.131,12.0,12.0,11.9999,12.0,1.0158,1.0218,8.0563,1.0486
6.9212,10.316,2.1436,12.0003,12.0047,11.9961,11.999,3.076,-0.5872,5.421,3.4161
6.9295,10.3338,2.1311,12.0,12.0,11.9999,12.0,0.9842,0.9837,7.5075,0.987
6.9378,10.3516,2.1439,12.0017,12.0053,11.9961,11.9968,2.4594,-0.7361,6.2905,4.9585
6.9461,10.3695,2.1369,12.0,12.0,11.9993,12.0,0.8877,0.8875,16.7496,0.8887
6.9545,10.3873,2.1442,11.9994,12.0026,11.9988,11.9992,2.525,-0.1479,3.0246,2.2314
6.9628,10.4051,2.1335,12.0,12.0,11.9997,12.0,1.014,1.0137,12.9705,1.0173
6.9712,10.423,2.1442,12.0001,12.003,11.9997,11.9972,1.406,-0.44,1.9979,3.6071
6.9796,10.4408,2.1308,12.0,12.0,11.9999,12.0,1.036,1.052,7.984,1.1136
6.9879,10.4586,2.1444,11.999,12.0029,11.999,11.9992,1.9699,-0.5256,2.2486,2.04
6.9962,10.4765,2.1307,12.0,12.0,11.9999,12.0,1.018,1.0173,7.5904,1.0202
7.0045,10.4943,2.1443,11.9988,12.001,12.0012,11.9992,3.0573,0.8051,1.244,2.0674
7.0128,10.5121,2.138,12.0,12.0,11.9998,12.0,0.9088,0.9086,17.1377,0.9109
7.0212,10.53,2.1443,11.9997,12.0013,12.0016,11.9973,0.6585,-0.498,-0.3856,2.3169
7.0295,10.5478,2.134,12.0,12.0,11.9998,12.0,1.0096,1.0364,13.4171,1.0318
7.0379,10.5657,2.1444,11.9986,11.9997,12.0039,11.9978,0.9273,0.2588,-2.5191,1.6309
7.0462,10.5835,2.1362,12.0,12.0,11.9926,11.9996,1.4251,1.4209,25.0,15.5823
7.0545,10.6014,2.1443,11.997,11.9988,12.0054,11.9989,1.9505,0.598,-3.6149,0.6705
7.0629,10.6192,2.1365,12.0087,12.0,11.9892,12.0032,-2.0134,0.6389,16.3281,2.1005
7.0711,10.6371,2.1443,11.9978,11.9995,12.0052,11.9975,2.0911,0.4434,-2.5332,1.9037
7.0795,10.6549,2.1372,12.006,12.0,11.9901,12.0052,0.5849,0.6901,16.5814,1.5441
7.0878,10.6728,2.143,12.0,12.0001,12.0,11.9999,0.7074,1.1871,0.4272,1.785
7.0962,10.6906,2.1383,12.0106,12.0,11.9838,12.0056,-1.789,0.593,16.2051,1.7749
7.1046,10.7085,2.1444,11.9998,11.9988,12.0,12.0008,1.8056,2.0524,-2.6637,1.4967
7.1128,10.7263,2.1386,12.0077,12.0,11.9887,12.0047,-0.9613,0.6511,16.1273,1.3472
7.1212,10.7442,2.1441,11.9971,11.9959,12.0083,11.9987,2.8936,3.0558,-4.3279,1.0834
7.1295,10.762,2.1381,12.0031,12.016,11.9806,12.0003,-2.1954,-11.233,12.3908,-0.4116
7.1379,10.7799,2.143,11.9991,12.0006,12.0009,11.9958,1.2139,4.1011,-3.0073,3.2197
7.1462,10.7976,2.1386,12.0043,12.0172,11.9796,11.9987,4.2169,-5.0361,20.9327,7.2277
7.1544,10.8155,2.1414,12.0,12.0,12.0,11.9999,0.4119,0.496,0.4896,0.6277
7.1628,10.8333,2.1391,11.9998,12.014,11.9895,11.9979,0.3843,-8.587,11.8647,2.4548
7.1711,10.8512,2.1422,12.0,12.0,11.9999,11.9998,0.5303,0.6687,-0.0211,2.0231
7.1795,10.869,2.1395,12.001,12.0124,11.9895,11.9979,0.6456,-6.4358,12.1213,3.3473
7.1879,10.8868,2.142,12.0049,12.0015,12.0007,11.993,1.8239,0.8081,-3.8641,5.026
7.1963,10.9046,2.14,12.0017,12.0127,11.9906,11.9959,1.9934,-6.5197,12.8267,4.8836
7.2045,10.9225,2.1414,12.0,12.0,12.0,11.9999,0.4926,0.6566,0.3848,0.7976
7.2129,10.9403,2.1409,12.0019,12.0124,11.9854,12.0003,4.8872,-2.5447,16.1883,5.4176
7.2212,10.9581,2.1431,12.0,12.0,12.0,11.9998,0.3917,0.3754,0.3783,0.1096
7.2296,10.976,2.1412,12.0002,12.0118,11.9906,11.9979,-1.0006,-7.8548,8.4818,1.7939
7.238,10.9938,2.143,12.0006,12.0,11.9998,11.9999,-0.279,1.613,-0.3444,-0.3103
7.2462,11.0117,2.1417,12.0017,12.0104,11.9903,11.9986,-0.3228,-5.7058,10.0057,2.3026
7.2545,11.0295,2.1423,11.9999,12.0,12.0,11.9997,0.9041,0.4789,-0.173,0.5678
7.2629,11.0473,2.1418,12.0,12.0087,11.9925,11.9992,2.9367,-3.854,9.7504,2.6052
7.2712,11.0652,2.1425,12.0,12.0,12.0,11.9998,0.4333,0.4606,0.3471,-0.4254
7.2796,11.083,2.1423,12.0022,12.0105,11.9886,11.9987,3.3722,-1.9437,13.0687,5.8018
7.2878,11.1009,2.1426,12.0,12.0,12.0,11.9998,0.3961,0.3863,0.3242,0.0952
7.2962,11.1187,2.1427,12.0004,12.0078,11.9943,11.9979,0.6057,-3.8003,6.9704,2.7496
7.3044,11.1366,2.1436,12.0,12.0,12.0,12.0,0.3593,0.3604,0.2946,0.3613
7.3128,11.1544,2.143,12.0,12.0074,11.9931,11.9995,1.6239,-3.1118,6.5317,2.0456
7.3211,11.1723,2.1414,12.0,12.0,12.0,11.9998,0.4251,0.4642,0.4208,-0.9338
7.3295,11.1901,2.1433,12.0009,12.0073,11.9947,11.9973,0.3289,-3.3705,6.1826,3.3483
7.3378,11.208,2.1427,12.0,12.0,12.0,11.9998,0.3874,0.401,0.2527,-0.0648
7.3462,11.2258,2.1436,11.9993,12.0054,11.9947,12.0006,3.4631,-0.7822,6.9191,2.5342
7.3545,11.2436,2.1407,12.0,12.0,12.0,11.9998,0.4015,0.3922,0.3532,-0.7559
7.3628,11.2615,2.1436,11.9997,12.0059,11.9955,11.9989,3.7779,-0.3612,7.0876,4.4339
7.3711,11.2793,2.1299,12.0,12.0,11.9999,12.0,1.1277,1.0946,9.4312,0.9828
7.3795,11.2971,2.1438,12.0022,12.0045,11.9943,11.9988,3.1157,0.9009,8.7765,4.6487
7.3878,11.315,2.1352,12.0,12.0,11.9998,12.0,0.9166,0.9164,16.5315,0.9189
7.3964,11.3328,2.1439,12.0,12.0028,11.9984,11.9989,2.8961,0.2811,4.2111,2.9336
7.4045,11.3506,2.1327,12.0,12.0,11.9998,12.0,1.004,1.0039,13.6374,1.0071
7.4128,11.3685,2.1441,12.0012,12.0038,11.9977,11.9973,1.1365,-0.5889,3.8782,3.8336
7.4211,11.3863,2.1304,12.0,12.0,11.9999,12.0,1.0231,1.0417,7.9765,1.1101
7.4296,11.4041,2.1443,11.9995,12.0028,11.9993,11.9984,2.2355,-0.4983,2.4939,2.704
7.438,11.4219,2.1304,12.0,12.0,11.9999,12.0,0.9825,0.9824,7.2678,0.983
7.4463,11.4398,2.1444,11.9985,12.0013,12.0014,11.9988,2.864,0.5499,1.1423,2.2387
7.4545,11.4576,2.1372,12.0,12.0,11.9998,12.0,0.9117,0.9115,15.0479,0.9133
7.4628,11.4755,2.1445,11.9999,12.0014,12.0018,11.9968,0.4275,-0.7741,-0.5921,2.4892
7.4711,11.4933,2.1314,12.0,12.0,11.9999,12.0,1.0417,1.0489,7.5014,1.0516
7.4795,11.5111,2.1446,11.9979,11.9994,12.003,11.9997,2.197,1.1994,-0.943,1.0516
7.4879,11.529,2.1376,12.0,12.0,11.9985,11.9999,1.4224,1.4222,19.5885,19.7009
7.4962,11.5468,2.1444,11.9988,11.9998,12.0041,11.9973,0.763,0.1441,-2.5649,1.9503
7.5046,11.5647,2.1367,12.0083,12.0,11.988,12.0051,-4.1297,0.5327,14.5892,-1.9144
7.5128,11.5825,2.1447,11.9996,12.0,11.9998,12.0004,0.1127,-0.6972,-1.2475,-0.7721
7.5213,11.6004,2.1371,12.0062,12.0,11.9898,12.0051,-1.4606,0.6327,14.5141,-0.5013
7.5296,11.6182,2.1445,11.9999,11.9993,12.0,12.001,1.3949,1.0675,0.3425,-0.5386
7.5378,11.6361,2.1382,12.0104,12.0,11.9834,12.0061,-2.8278,0.5817,15.2092,0.2274
7.5462,11.6539,2.1443,12.0001,11.9992,11.9998,12.0002,1.0819,1.2601,-2.4771,1.0999
7.5545,11.6718,2.1377,12.004,12.016,11.9806,11.9994,-3.5953,-12.3367,11.3955,-0.8649
7.5628,11.6896,2.1435,12.0006,12.0012,12.0059,11.9959,1.7153,4.08,-3.3412,2.772
7.5712,11.7075,2.1381,12.002,12.0145,11.9821,12.0013,-0.778,-8.6044,12.7787,0.1485
7.5795,11.7253,2.1427,12.0003,12.0022,12.0042,11.9939,0.8828,3.1827,-1.6057,5.8567
7.5879,11.7431,2.1376,12.0125,12.0162,11.9767,11.9948,-4.3428,-6.6386,19.4692,7.8403
7.5962,11.761,2.1425,12.0,12.0,12.0028,11.9957,0.8132,0.8943,4.8885,17.4697
7.6046,11.7788,2.1392,12.0,12.0,11.9905,11.999,1.13,1.13,25.0,21.9042
7.613,11.7967,2.141,12.0,12.0,12.0006,12.0,0.6434,0.6434,0.7002,7.6294
7.6211,11.8145,2.138,12.0,12.0,11.9961,11.9948,1.0814,1.0814,25.0,25.0
7.6294,11.8323,2.1407,12.0,12.0,12.001,11.9999,0.6125,0.6124,1.6646,6.9563
7.6377,11.85,2.127,12.0,12.0,11.8659,11.9889,1.5292,1.5292,25.0,25.0
7.6461,11.8678,2.1291,12.0,12.0,12.0,11.9998,0.593,0.593,0.6008,0.7289
7.6544,11.8855,2.1309,12.0,12.0,12.0002,11.9883,1.0827,1.0827,20.1687,25.0
7.6627,11.9033,2.127,12.0,12.0,12.0,12.0,0.581,0.581,0.5931,1.0387
7.6711,11.921,2.1325,12.0,12.0,12.0003,11.9997,0.936,0.936,20.8467,22.8637
7.6794,11.9387,2.1236,12.0,12.0,11.9998,12.0,1.2343,1.2343,17.4709,1.2408
7.6878,11.9564,2.1235,12.0,12.0,11.9998,11.9583,1.1319,1.1319,20.1494,25.0
7.6961,11.9737,2.0517,8.0707,8.0707,9.0968,8.505,-25.0,-25.0,-25.0,-25.0
7.7044,11.9901,1.9475,4.0921,4.0921,6.9342,6.3122,-25.0,-25.0,-25.0,-25.0
7.7127,12.0061,1.9175,4.3632,4.3632,4.3631,4.3632,0.5473,0.5473,-11.3471,-11.4694
7.721,12.022,1.8913,4.9271,4.9271,4.927,4.9272,0.983,0.983,-13.7344,-1.8441
7.7294,12.0373,1.8216,5.7921,5.7921,5.792,5.7921,1.358,1.358,-11.3382,-11.2541
7.7377,12.0523,1.7817,7.7281,7.7281,7.728,7.7281,2.9052,2.9052,-10.5691,-12.3735
7.746,12.067,1.7504,8.25,8.25,8.2503,8.25,1.2219,1.2219,-16.7934,1.2222
7.7544,12.0811,1.6713,8.25,8.25,8.2499,8.2501,1.3535,1.3535,-7.9955,-14.2321
7.7627,12.0947,1.6218,8.25,8.25,8.2501,8.25,1.3902,1.3902,-14.3651,-2.9031
7.7711,12.1075,1.5161,8.25,8.25,8.2499,8.25,1.6036,1.6036,-11.3539,-14.7297
7.7794,12.12,1.4965,8.25,8.25,8.25,8.2499,0.4339,0.4339,0.4346,-3.213
7.7877,12.1319,1.4088,8.25,8.25,8.2499,8.2501,1.5188,1.5188,-10.8365,-12.0682
7.796,12.1435,1.3855,8.25,8.25,8.2499,8.2499,0.4246,0.4246,-0.501,-2.2847
7.8045,12.1546,1.3038,8.25,8.25,8.2503,8.2498,2.3836,2.3836,-24.4323,-16.1214
7.8127,12.1651,1.2656,8.25,8.25,8.25,8.2501,0.7963,0.7963,1.3657,5.2314
7.8213,12.1754,1.2285,8.25,8.25,8.2445,8.254,1.6074,1.6074,22.1231,5.3806
7.8294,12.1855,1.2127,8.25,8.25,8.2499,8.2501,0.3182,0.3182,-0.1923,0.1931
7.8377,12.1957,1.2155,8.25,8.25,8.25,8.25,0.2935,0.2935,0.2935,0.2935
7.8461,12.2058,1.2189,8.25,8.25,8.25,8.25,0.2932,0.2932,0.2932,0.2932
7.8544,12.216,1.223,8.25,8.25,8.25,8.25,0.2928,0.2928,0.2928,0.2928
7.8628,12.2263,1.2535,8.2498,8.25,8.25,8.25,0.8507,-0.4721,-0.7219,-0.7219
7.8711,12.2384,1.502,9.1073,8.9207,8.25,8.25,-25.0,-25.0,-4.1814,-4.1814
7.8795,12.2525,1.7447,9.8689,9.9155,8.25,8.25,-25.0,-25.0,-4.5535,-4.5535
7.8877,12.2675,1.8076,9.8369,9.8641,8.25,8.25,-25.0,-25.0,-0.9226,-0.9226
7.8961,12.2827,1.85,9.4679,9.2963,7.8944,7.8944,-25.0,-25.0,-1.9027,-1.9027
7.9044,12.2983,1.8765,8.4071,8.4401,6.9682,6.9682,-25.0,-25.0,-0.4132,-0.4132
7.9127,12.314,1.8739,6.0943,6.3234,6.0944,6.0944,-22.6835,-25.0,0.1695,0.1695
7.921,12.3298,1.9125,6.1073,6.1074,6.1073,6.1073,-14.9872,-17.8179,-0.8629,-0.8629
7.9294,12.3459,1.9294,5.1622,5.1623,5.1623,5.1623,-16.249,-21.4708,-0.0955,-0.0955
7.9377,12.362,1.9356,4.6052,4.6053,4.6053,4.6053,-10.0428,-10.4811,-0.3543,-0.3543
7.9461,12.3782,1.9514,4.4396,4.4396,4.4396,4.4396,-14.0184,-14.5155,-0.8746,-0.8746
7.9544,12.3946,1.9696,4.0123,4.0123,4.0123,4.0123,-11.4376,-11.7558,-0.5963,-0.5963
7.9627,12.411,1.9808,3.522,3.522,3.522,3.522,-9.9121,-10.2898,-0.4525,-0.4525
7.971,12.4276,1.9909,3.2651,3.2651,3.2651,3.2651,-8.3754,-10.1957,-0.3695,-0.3695
7.9793,12.4442,1.9991,2.9453,2.9453,2.9453,2.9453,-9.7139,-9.3921,-0.3446,-0.3446
7.9877,12.4609,2.0078,2.725,2.7251,2.725,2.725,-9.6708,-11.0656,-0.3457,-0.3457
7.996,12.4778,2.0294,2.5217,2.5218,2.5217,2.5217,-14.3794,-15.0165,-0.8656,-0.8656
8.0043,12.4948,2.0476,1.9887,1.9887,1.9887,1.9887,-14.2621,-12.5548,-0.7225,-0.7225
8.0127,12.512,2.063,1.4817,1.4817,1.4817,1.4817,-13.5889,-12.5439,-0.6639,-0.6639
8.021,12.5292,2.0775,1.059,1.0591,1.059,1.059,-12.0526,-13.178,-0.6147,-0.6147
8.0294,12.5466,2.0915,0.6623,0.6623,0.6623,0.6623,-12.6627,-13.0023,-0.6067,-0.6067
8.0377,12.5641,2.1051,0.2836,0.2836,0.2836,0.2836,-13.8935,-11.9532,-0.5877,-0.5877
8.046,12.5818,2.1187,-0.087,-0.087,-0.087,-0.087,-12.8645,-13.4372,-0.5903,-0.5903
8.0544,12.5995,2.1318,-0.5061,-0.5061,-0.5061,-0.5061,-13.2203,-13.5554,-0.594,-0.594
8.0627,12.6173,2.1461,-0.8078,-0.8078,-0.8078,-0.8078,-14.2286,-12.1626,-0.5919,-0.5919
8.071,12.6353,2.1589,-1.2436,-1.2436,-1.2436,-1.2436,-12.6807,-13.1336,-0.5988,-0.5988
8.0794,12.6534,2.1731,-1.5397,-1.5397,-1.5397,-1.5397,-13.303,-11.4049,-0.593,-0.593
8.0877,12.6715,2.1854,-1.973,-1.973,-1.973,-1.973,-11.2466,-11.6265,-0.5887,-0.5887
8.096,12.6898,2.1983,-2.3056,-2.3056,-2.3056,-2.3056,-11.3034,-9.651,-0.5765,-0.5765
8.1044,12.7082,2.2106,-2.6065,-2.6065,-2.6065,-2.6065,-9.8087,-8.7026,-0.5588,-0.5588
8.1127,12.7267,2.2285,-2.9854,-2.8573,-2.9854,-2.9854,-22.5814,-25.0,-0.7832,-0.7832
8.121,12.7454,2.2457,-3.47,-3.47,-3.47,-3.47,-21.2793,-24.6257,-0.6864,-0.6865
8.1294,12.7642,2.2608,-3.934,-3.934,-3.934,-3.934,-16.7747,-13.7998,-0.684,-0.684
8.1377,12.7831,2.2736,-4.2861,-4.286,-4.2861,-4.2861,-11.3215,-11.2108,-0.5906,-0.5906
8.1461,12.8021,2.2827,-4.6411,-4.6411,-4.6411,-4.6411,-8.5786,-7.0165,-0.4911,-0.4911
8.1543,12.8212,2.299,-4.8822,-4.8405,-4.9331,-4.9331,-25.0,-25.0,-1.0094,-1.0094
8.1627,12.8405,2.319,-5.2871,-5.2871,-5.2872,-5.2872,-23.0239,-18.9069,-0.7484,-0.7484
8.171,12.8599,2.3307,-5.8526,-5.8526,-5.8526,-5.8526,-11.1147,-11.0605,-0.6354,-0.6354
8.1793,12.8794,2.3373,-6.1815,-6.1815,-6.1815,-6.1815,-5.9465,-4.8011,-0.4259,-0.4259
8.1878,12.899,2.3597,-6.2382,-6.3173,-6.4067,-6.4067,-25.0,-25.0,-1.0918,-1.0917
8.196,12.9187,2.3758,-6.9222,-6.9222,-6.9222,-6.9222,-18.1458,-14.2972,-0.7122,-0.7122
8.2044,12.9386,2.3808,-7.3964,-7.3964,-7.3964,-7.3964,-4.2531,-4.877,-0.4321,-0.4321
8.2127,12.9586,2.4122,-7.1278,-7.4616,-7.5811,-7.5811,-25.0,-25.0,-0.9866,-0.9866
8.2169,12.9687,2.4151,-7.7728,-8.2185,-8.4289,-8.4289,-25.0,-25.0,-12.0687,-12.0687
8.221,12.9787,2.419,-8.4895,-8.4895,-8.4895,-8.4895,-19.3549,-12.388,-1.3365,-1.3365
8.2252,12.9888,2.4206,-8.589,-8.589,-8.589,-8.589,-5.6813,-4.7519,-1.7453,-1.7453
8.2294,12.9989,2.4293,-8.655,-8.3569,-8.655,-8.655,-1.711,-25.0,-1.698,-1.698
8.2335,13.0091,2.445,-8.4581,-8.6014,-8.8396,-8.8396,-25.0,-25.0,-3.7476,-3.7475
8.2377,13.0193,2.4514,-9.0288,-9.2205,-9.2205,-9.2205,-25.0,-22.1881,-5.914,-5.914
8.2419,13.0296,2.4539,-9.488,-9.488,-9.488,-9.488,-14.7523,-10.0437,-4.1444,-4.1444
8.2461,13.0398,2.4532,-9.5397,-9.5397,-9.5397,-9.5397,-2.4514,-1.1775,-1.0092,-1.0092
8.2503,13.0501,2.4756,-9.225,-9.1162,-9.5355,-9.5355,-25.0,-25.0,-1.5882,-1.5881
8.2543,13.0605,2.4851,-9.6083,-9.5532,-10.1417,-10.1417,-25.0,-25.0,-9.22,-9.22
8.2585,13.0708,2.4879,-10.3398,-10.3398,-10.3398,-10.3398,-20.5149,-19.7463,-3.2566,-3.2566
8.2627,13.0812,2.4871,-10.4571,-10.4571,-10.4571,-10.4571,-3.8094,-2.6695,-1.9534,-1.9534
8.2669,13.0917,2.5119,-9.8317,-10.0874,-10.4463,-10.4463,-25.0,-25.0,-1.6816,-1.6816
8.271,13.1022,2.5203,-10.1298,-10.7329,-11.1222,-11.1222,-25.0,-25.0,-10.1725,-10.1725
8.2752,13.1127,2.5212,-11.1992,-11.2972,-11.2972,-11.2972,-25.0,-12.9514,-2.8918,-2.8919
8.2795,13.123,2.4904,-11.3734,-11.3734,-11.3734,-9.8849,-4.8089,0.4746,-6.3936,-25.0
8.2835,13.1332,2.4307,-10.5416,-10.5415,-7.6525,-6.8076,-11.9589,-7.3942,-25.0,-25.0
8.292,13.1527,2.3169,-8.9297,-8.9297,-4.4664,-3.3218,3.3935,-1.4059,-25.0,-25.0
8.3003,13.1715,2.2321,-5.8559,-5.8559,-3.0885,-2.2992,22.2579,6.692,-25.0,-25.0
8.3086,13.1898,2.1798,-3.351,-3.351,-3.192,-2.8843,-9.7503,-4.3328,-25.0,-25.0
8.3169,13.2076,2.1234,-2.1536,-2.1536,-2.1536,-1.889,-4.5709,-8.3214,-24.5049,-25.0
8.3252,13.2251,2.0982,-0.4569,-0.4568,-0.4568,-0.4569,-7.2091,-5.6855,-18.6472,-17.1079
8.3336,13.2425,2.0811,0.159,0.159,0.159,0.159,-7.8504,-7.8896,-12.3827,-12.4576
8.3419,13.2598,2.0748,0.5706,0.5706,0.5706,0.5706,-9.337,-8.9717,-9.2142,-8.7461
8.3502,13.2771,2.0742,0.6801,0.6801,0.6801,0.6801,-10.743,-10.1896,-7.2125,-6.5014
8.3585,13.2944,2.0782,0.6959,0.6959,0.6959,0.6959,-11.8749,-11.2186,-6.109,-5.2597
8.3669,13.3118,2.0807,0.604,0.604,0.604,0.604,-12.454,-12.0397,-5.2541,-4.6108
8.3753,13.3291,2.0852,0.5293,0.5293,0.5293,0.5293,-13.1138,-12.5307,-4.8483,-4.0718
8.3836,13.3465,2.091,0.3996,0.3997,0.3997,0.3997,-13.6991,-13.013,-4.6143,-3.7665
8.3919,13.364,2.0978,0.2639,0.2639,0.2639,0.2639,-14.1265,-13.3653,-4.5632,-3.6698
8.4002,13.3815,2.1045,0.0841,0.0841,0.0841,0.0841,-13.0273,-15.0719,-3.5148,-4.6799
8.4086,13.3991,2.1113,-0.1226,-0.1226,-0.1226,-0.1226,-15.1464,-13.5356,-4.887,-3.4463
8.417,13.4167,2.1178,-0.3056,-0.3056,-0.3056,-0.3056,-13.5226,-15.2345,-3.7818,-4.8035
8.4253,13.4344,2.1241,-0.4573,-0.4572,-0.4573,-0.4573,-15.1534,-13.2887,-5.2079,-3.6835
8.4336,13.4521,2.1293,-0.6502,-0.6502,-0.6502,-0.6502,-13.24,-14.8088,-4.012,-5.0423
8.4419,13.4699,2.1342,-0.7902,-0.7902,-0.7902,-0.7902,-14.6721,-12.6736,-5.3882,-3.9073
8.4502,13.4877,2.1359,-0.924,-0.924,-0.924,-0.924,-12.7301,-13.5643,-3.9448,-10.9433
8.4585,13.5055,2.1315,-0.9682,-0.9682,-0.9682,-0.9682,-12.3545,-12.9584,-8.8988,-10.0242
8.4669,13.5232,2.1297,-0.8509,-0.8509,-0.8509,-0.8509,-11.8511,-12.3723,-8.3867,-9.4371
8.4752,13.541,2.1278,-0.802,-0.8019,-0.8019,-0.8019,-11.5701,-12.0293,-8.0433,-9.061
8.4835,13.5587,2.1265,-0.7436,-0.7436,-0.7436,-0.7436,-11.3293,-11.7499,-7.7955,-8.8002
8.4919,13.5764,2.1252,-0.7142,-0.7142,-0.7142,-0.7142,-11.1749,-11.5598,-7.6192,-8.6212
8.5002,13.5941,2.1243,-0.6752,-0.6752,-0.6752,-0.6752,-11.0265,-11.3849,-7.4883,-8.4923
8.5086,13.6118,2.1234,-0.6557,-0.6556,-0.6556,-0.6556,-10.9181,-11.249,-7.3883,-8.397
8.5169,13.6295,2.1229,-0.6292,-0.6291,-0.6291,-0.6292,-12.1045,-9.691,-8.7458,-6.7529
8.5252,13.6472,2.1222,-0.6159,-0.6159,-0.6159,-0.6159,-10.2926,-11.2092,-6.8285,-8.5457
8.5335,13.6649,2.1218,-0.5983,-0.5983,-0.5983,-0.5983,-11.7943,-9.6257,-8.5038,-6.8384
8.5419,13.6826,2.1213,-0.5874,-0.5874,-0.5874,-0.5874,-10.0285,-10.9831,-6.6677,-8.4881
8.5503,13.7002,2.121,-0.5751,-0.575,-0.575,-0.5751,-11.542,-9.4168,-8.3699,-6.804
8.5585,13.7179,2.1206,-0.5675,-0.5674,-0.5674,-0.5675,-11.2782,-9.593,-8.1308,-7.0824
8.5669,13.7356,2.1203,-0.5566,-0.5565,-0.5565,-0.5566,-11.0974,-9.5789,-8.0105,-7.1721
8.5752,13.7532,2.12,-0.5481,-0.548,-0.548,-0.5481,-10.948,-9.4929,-7.9328,-7.1884
8.5836,13.7709,2.1197,-0.5384,-0.5384,-0.5384,-0.5384,-10.8089,-9.3789,-7.8733,-7.1785
8.592,13.7886,2.1194,-0.5305,-0.5305,-0.5305,-0.5305,-10.1736,-9.6928,-7.2864,-7.6706
8.6002,13.8062,2.1191,-0.5229,-0.5229,-0.5229,-0.5229,-10.4498,-9.379,-7.6494,-7.4011
8.6085,13.8239,2.1187,-0.5133,-0.5133,-0.5133,-0.5133,-9.8342,-9.4759,-7.1018,-7.6637
8.6169,13.8415,2.1184,-0.5046,-0.5046,-0.5046,-0.5046,-9.5257,-9.4279,-6.8629,-7.7339
8.6252,13.8592,2.1181,-0.4959,-0.4959,-0.4959,-0.4959,-10.5311,-8.1419,-8.0635,-6.3789
8.6336,13.8768,2.1178,-0.4899,-0.4899,-0.4899,-0.4899,-8.8474,-9.4226,-6.3127,-7.9739
8.6419,13.8945,2.1174,-0.4794,-0.4794,-0.4794,-0.4794,-10.1923,-8.0839,-7.8512,-6.5139
8.6502,13.9121,2.1171,-0.4699,-0.4699,-0.4699,-0.4699,-9.947,-8.2617,-7.6349,-6.7938
8.6585,13.9298,2.1167,-0.4594,-0.4594,-0.4594,-0.4594,-9.7843,-8.2625,-7.5248,-6.8834
8.6669,13.9474,2.1163,-0.4511,-0.4511,-0.4511,-0.4511,-9.1431,-8.5466,-6.9167,-7.3292
8.6752,13.965,2.116,-0.4394,-0.4394,-0.4394,-0.4394,-9.4442,-8.3283,-7.2868,-7.1343
8.6836,13.9827,2.1157,-0.4322,-0.4321,-0.4321,-0.4322,-9.8883,-12.3981,-7.9153,-5.7276
8.6919,14.0003,2.1152,-0.423,-0.423,-0.423,-0.423,-8.3222,-14.5964,-6.2143,-7.1705
8.7002,14.0179,2.1152,-0.41,-0.41,-0.41,-0.41,-8.9236,-13.9341,-6.9509,-6.5212
8.7085,14.0356,2.1152,-0.4106,-0.4105,-0.4105,-0.4106,-8.5414,-14.1824,-6.6826,-6.5848
8.7169,14.0532,2.1154,-0.4108,-0.4107,-0.4107,-0.4108,-8.5959,-13.487,-6.9544,-5.9838
8.7252,14.0708,2.1155,-0.4144,-0.4143,-0.4143,-0.4144,-8.2874,-14.0597,-6.7872,-6.3174
8.7335,14.0884,2.1155,-0.4167,-0.4166,-0.4166,-0.4167,-12.1567,-14.8591,-5.2909,-6.8634
8.7419,14.1061,2.1158,-0.417,-0.4169,-0.4169,-0.417,-14.2672,-12.6781,-6.7751,-5.2158
8.7502,14.1237,2.1161,-0.4262,-0.4261,-0.4261,-0.4262,-12.2856,-14.2918,-5.3251,-6.4295
8.7585,14.1413,2.1167,-0.4336,-0.4336,-0.4336,-0.4336,-14.0629,-12.2475,-6.6426,-4.9785
8.7669,14.159,2.1171,-0.4486,-0.4485,-0.4485,-0.4485,-12.0698,-13.9093,-5.2399,-6.269
8.7752,14.1766,2.1176,-0.4609,-0.4609,-0.4609,-0.4609,-13.7886,-11.926,-6.5348,-4.9011
8.7836,14.1943,2.1179,-0.4724,-0.4723,-0.4723,-0.4724,-11.7879,-13.5417,-5.1752,-6.1893
8.7919,14.2119,2.1182,-0.4821,-0.4821,-0.4821,-0.4821,-13.4806,-11.5987,-6.4581,-4.8755
8.8003,14.2296,2.1183,-0.4891,-0.4891,-0.4891,-0.4891,-11.4868,-13.1719,-5.1264,-6.1364
8.8086,14.2472,2.1169,-0.4928,-0.4928,-0.4927,-0.4928,-13.2976,-10.9625,-6.2249,-8.9736
8.8169,14.2648,2.1132,-0.456,-0.4559,-0.4559,-0.456,-11.4348,-12.6755,-8.7286,-10.4452
8.8252,14.2824,2.1104,-0.357,-0.357,-0.357,-0.357,-12.426,-12.1041,-9.2317,-9.2452
8.8336,14.3,2.1085,-0.2803,-0.2803,-0.2802,-0.2803,-12.079,-12.3036,-8.4754,-9.0866
8.8419,14.3176,2.1073,-0.2204,-0.2204,-0.2204,-0.2204,-11.9244,-12.3441,-8.0437,-8.8699
8.8503,14.3351,2.1064,-0.1966,-0.1966,-0.1966,-0.1966,-12.5397,-11.9233,-8.4657,-8.1693
8.8586,14.3527,2.106,-0.1737,-0.1737,-0.1737,-0.1737,-12.2399,-12.3171,-7.9837,-8.4542
8.8669,14.3702,2.1058,-0.1586,-0.1586,-0.1586,-0.1586,-12.6173,-11.8667,-8.318,-7.8898
8.8752,14.3878,2.1056,-0.1564,-0.1563,-0.1563,-0.1564,-12.2982,-12.3079,-7.8979,-8.3141
8.8836,14.4053,2.1056,-0.1503,-0.1503,-0.1502,-0.1503,-12.6348,-11.8516,-8.2619,-7.8174
8.8919,14.4229,2.1056,-0.1522,-0.1522,-0.1522,-0.1522,-12.7202,-11.6268,-8.372,-7.5968
8.9002,14.4404,2.1056,-0.1515,-0.1515,-0.1515,-0.1515,-12.7328,-11.5159,-8.4168,-7.5149
8.9085,14.458,2.1056,-0.1515,-0.1515,-0.1515,-0.1515,-12.7149,-11.4467,-8.4369,-7.4877
8.9169,14.4755,2.1055,-0.1506,-0.1506,-0.1506,-0.1506,-12.6812,-11.3908,-8.4472,-7.4821
8.9252,14.4931,2.1054,-0.1488,-0.1488,-0.1488,-0.1488,-12.6405,-11.3397,-8.4534,-7.4849
8.9336,14.5106,2.1052,-0.1456,-0.1455,-0.1455,-0.1456,-11.04,-12.6136,-6.7971,-8.989
8.9419,14.5281,2.1051,-0.1408,-0.1408,-0.1408,-0.1409,-12.8196,-10.846,-8.7705,-7.075
8.9502,14.5457,2.1048,-0.1378,-0.1378,-0.1377,-0.1378,-11.1248,-12.4201,-6.9728,-8.8753
8.9585,14.5632,2.1046,-0.128,-0.128,-0.1279,-0.128,-12.7775,-10.702,-8.8165,-7.0202
8.9669,14.5808,2.1042,-0.1243,-0.1242,-0.1242,-0.1243,-11.0742,-12.3146,-6.9989,-8.8534
8.9752,14.5983,2.104,-0.1141,-0.1141,-0.114,-0.1141,-12.7115,-10.6209,-8.8164,-7.0131
8.9835,14.6158,2.1036,-0.1088,-0.1088,-0.1088,-0.1088,-11.0126,-12.2346,-6.9983,-8.8425
8.9919,14.6334,2.1034,-0.0975,-0.0974,-0.0974,-0.0975,-12.6477,-10.5576,-8.8061,-7.0104
9.0003,14.6509,2.103,-0.0916,-0.0916,-0.0916,-0.0916,-10.9577,-12.1699,-6.9917,-8.8326
9.0086,14.6684,2.1027,-0.0788,-0.0787,-0.0787,-0.0787,-11.2173,-11.9527,-7.2887,-8.6105
9.0169,14.6859,2.1024,-0.0719,-0.0718,-0.0718,-0.0718,-12.65,-10.3794,-8.8751,-6.8894
9.0252,14.7034,2.102,-0.0638,-0.0638,-0.0637,-0.0638,-10.9391,-12.0676,-7.0267,-8.7851
9.0336,14.721,2.1016,-0.0529,-0.0528,-0.0528,-0.0528,-11.177,-11.878,-7.294,-8.5843
9.042,14.7385,2.1013,-0.0443,-0.0442,-0.0442,-0.0442,-11.2623,-11.795,-7.3958,-8.502
9.0503,14.7556,2.0094,6.2134,8.2135,-0.0349,-0.035,-25.0,-25.0,-6.8801,-5.5689
9.0586,14.7728,2.0855,12.3107,12.395,2.9961,2.9961,-25.0,-25.0,3.4784,5.2598
9.067,14.7905,2.1347,12.9641,12.9029,0.6804,0.6804,-25.0,-25.0,-12.778,-12.778
9.0752,14.8083,2.1249,13.0665,12.9369,-0.8693,-0.8693,-25.0,-25.0,-1.0855,-1.0855
9.0837,14.8257,2.0858,12.8332,12.7033,-0.6215,-0.6215,-25.0,-25.0,0.157,0.157
9.0922,14.843,2.0578,12.7791,12.5435,0.3824,0.3824,-25.0,-25.0,-0.7155,-0.7155
9.1002,14.8599,2.0218,11.969,12.3265,1.1381,1.1381,-25.0,-25.0,0.1766,0.1766
9.1086,14.8766,1.9848,12.2292,12.1863,2.1114,2.1114,-25.0,-25.0,-0.7537,-0.7537
9.1169,14.8929,1.9501,11.9879,11.9601,3.2548,3.2548,-25.0,-25.0,0.1032,0.1032
9.1253,14.9089,1.9158,11.8112,10.0403,4.0481,4.0482,-25.0,-25.0,-0.2039,-0.4519
9.1336,14.9246,1.858,11.3897,11.3568,5.0853,5.0853,-25.0,-25.0,-7.5937,-6.6331
9.1419,14.9397,1.7969,10.5004,10.4289,6.7186,6.719,-25.0,-25.0,-14.6329,-10.2214
9.1502,14.9541,1.6999,10.2548,9.0529,8.1837,8.1839,-25.0,-25.0,-13.0665,-14.0207
9.1586,14.9679,1.6365,9.4224,9.4959,8.2499,8.25,-25.0,-25.0,-2.4291,-3.648
9.1669,14.9812,1.5954,8.25,8.8161,8.25,8.25,-14.8463,-25.0,0.413,-1.2234
9.1754,14.9941,1.5229,9.1365,9.0814,8.2501,8.25,-25.0,-25.0,-9.7168,-13.7287
9.1836,15.0064,1.4652,8.7251,8.712,8.2498,8.25,-25.0,-25.0,-4.6578,-7.6421
9.1919,15.0183,1.4172,8.2501,8.2501,8.25,8.25,-16.6741,-19.8986,-1.2659,-3.1158
9.2004,15.03,1.3922,8.2438,8.2487,8.2545,8.2536,-2.2092,-3.6012,-11.3128,-11.5218
9.2087,15.0416,1.3999,8.253,8.2974,8.2448,8.2496,-5.1464,-25.0,0.3942,11.5373
9.217,15.0533,1.399,8.2412,8.2695,8.2381,8.2482,7.8406,-16.4536,-5.3959,-0.381
9.2254,15.0649,1.3959,8.2541,8.2445,8.2509,8.2507,-14.5654,-2.8861,-3.6907,-4.3109
9.2337,15.0766,1.4017,8.2528,8.2424,8.2535,8.2509,-1.41,5.9896,-3.245,-13.6095
9.242,15.0883,1.4086,8.2433,8.2379,8.2624,8.2504,5.56,9.3082,-9.497,-12.1718
9.2504,15.1001,1.4113,8.25,8.2497,8.25,8.25,0.1754,2.0474,-2.7749,-2.6855
9.2589,15.1118,1.4141,8.2549,8.2464,8.249,8.2493,-0.7039,5.1854,-11.3888,-14.4629
9.2671,15.1237,1.419,8.2483,8.2511,8.2501,8.2502,3.88,1.3386,-7.5617,-9.0423
9.2754,15.1355,1.4198,8.25,8.2497,8.25,8.25,2.333,1.237,-4.4109,-4.2124
9.2837,15.1473,1.4225,8.2361,8.25,8.2501,8.2499,25.0,0.5967,-14.4371,-14.1808
9.292,15.1592,1.429,8.2476,8.2524,8.2499,8.2499,3.4225,-0.8631,-10.0787,-10.739
9.3004,15.1712,1.4322,8.2491,8.2507,8.25,8.25,3.278,1.4937,-5.8994,-6.0186
9.3087,15.1831,1.4308,8.2546,8.2469,8.2501,8.2497,-14.9032,0.8274,-1.5265,-3.99
9.317,15.195,1.4375,8.2445,8.2552,8.2498,8.2499,11.4621,2.5876,-12.7353,-13.0691
9.3253,15.2071,1.4425,8.2478,8.2521,8.2499,8.25,6.3692,2.2276,-8.4438,-7.9663
9.3337,15.2191,1.4432,8.2502,8.2483,8.2501,8.25,2.2993,7.1839,-8.1064,-5.9467
9.3421,15.2311,1.4462,8.256,8.242,8.2506,8.2502,7.2333,17.8128,-21.2797,-15.1505
9.3504,15.2432,1.452,8.2477,8.2517,8.2501,8.2501,2.8126,-1.1324,-10.2753,-7.8709
9.3587,15.2553,1.4519,8.25,8.2498,8.25,8.25,0.137,-0.1554,-3.6724,-2.4299
9.367,15.2674,1.4541,8.2444,8.25,8.25,8.25,22.3447,0.57,-13.1664,-13.5858
9.3753,15.2796,1.4605,8.2429,8.2569,8.2497,8.2499,8.7581,-4.3157,-10.4154,-8.4645
9.3836,15.2924,1.5585,10.8608,10.5979,10.4456,10.9158,25.0,25.0,25.0,25.0
9.392,15.3059,1.6707,12.0,11.6864,11.822,11.8267,22.3612,25.0,25.0,25.0
9.4003,15.3204,1.7453,12.0,12.0,9.7895,9.7856,2.2127,2.2495,25.0,25.0
9.4089,15.3341,1.6189,12.0,12.0,9.0852,9.0771,5.0315,5.0315,25.0,25.0
9.4171,15.3474,1.5889,12.0,12.0,8.9247,8.8689,1.8561,1.8561,25.0,25.0
9.4253,15.3608,1.6209,12.0,12.0,9.1602,9.085,0.4284,0.4284,25.0,25.0
9.4336,15.3744,1.6304,12.0,12.0,9.1674,9.0974,0.948,0.948,25.0,25.0
9.4419,15.3882,1.6673,12.0,12.0,9.3601,9.3242,0.3479,0.3479,25.0,25.0
9.4502,15.4023,1.6911,12.0,12.0,9.5023,9.5054,1.3722,1.3722,25.0,25.0
9.4586,15.4165,1.7141,12.0,12.0,9.5983,9.5996,0.6478,0.6478,25.0,25.0
9.467,15.431,1.7574,12.0,12.0,9.8788,9.8563,0.3752,0.3752,25.0,25.0
9.4752,15.4457,1.7666,12.0,12.0,9.9016,9.8851,0.9054,0.9054,25.0,25.0
9.4836,15.4606,1.7943,12.0,12.0,10.041,10.0505,0.378,0.378,25.0,25.0
9.4919,15.4757,1.8308,12.0,12.0,10.2625,10.2661,0.9994,0.9994,25.0,25.0
9.5002,15.4912,1.8656,12.0,12.0,10.4479,10.4334,0.3369,0.3369,25.0,25.0
9.5086,15.5069,1.887,12.0,12.0,10.6056,10.5745,1.3572,1.3572,25.0,25.0
9.5169,15.5228,1.9164,12.0,12.0,10.7195,10.7114,0.443,0.443,25.0,25.0
9.5252,15.539,1.9434,12.0,12.0,12.0,12.0,-0.0356,-0.0356,17.0264,15.8286
9.5336,15.5554,1.9752,12.0,12.0,11.0436,11.0422,0.7345,0.7345,25.0,25.0
9.542,15.5721,2.0083,12.0,12.0,12.0001,11.9999,0.0914,0.0914,15.7399,21.0862
9.5502,15.5889,2.0278,12.0,12.0,11.3369,11.3358,0.8971,0.8971,25.0,25.0
9.5586,15.606,2.0527,12.0,12.0,12.0,12.0,0.161,0.161,19.1885,17.2665
9.5669,15.6232,2.0715,12.0,12.0,11.5749,11.5796,0.8167,0.8167,25.0,25.0
9.5754,15.6408,2.1374,11.9797,12.007,12.0094,12.0037,14.3743,-4.0215,-4.5241,-0.9721
9.5839,15.6587,2.1442,12.0155,12.0005,11.9929,11.9909,-3.047,6.8429,11.7633,13.6421
9.5922,15.6765,2.1374,11.9757,12.0011,12.0107,12.0124,18.6125,1.733,-3.9693,-5.6868
9.6003,15.6944,2.1446,11.9999,12.0051,11.9977,11.9972,0.4563,0.0985,5.0257,5.5043
9.6087,15.7122,2.1389,11.9776,11.9996,12.0113,12.0114,16.4793,3.6405,-5.6359,-4.7295
9.617,15.7301,2.1447,12.0,12.004,11.9993,11.9967,0.4685,0.3245,3.5483,5.3244
9.6255,15.7479,2.1397,11.979,11.9979,12.0106,12.0124,15.7324,4.683,-5.0828,-5.3945
9.6338,15.7658,2.1446,12.0,12.0003,11.9978,12.0014,0.6309,0.4771,8.5401,4.8591
9.642,15.7836,2.1402,11.9811,11.9984,12.0102,12.0103,14.5702,3.0803,-4.7517,-4.8862
9.6504,15.8015,2.1439,11.9999,12.0041,11.9988,11.997,0.5498,0.6149,3.8341,5.5804
9.6587,15.8193,2.1411,11.9821,11.9976,12.0089,12.0114,14.5365,5.7961,-3.2893,-3.8508
9.667,15.8372,2.1438,12.0,12.0033,11.9983,11.9983,0.5121,0.3027,4.082,4.0837
9.6753,15.855,2.1412,11.9838,11.9975,12.0084,12.0102,13.7815,6.0645,-2.5465,-2.7267
9.6837,15.8729,2.1436,12.0,12.0,11.9985,12.0014,0.5923,0.6708,8.2409,3.5872
9.692,15.8907,2.1417,11.9854,11.9976,12.0077,12.0093,13.2255,5.26,-1.7562,-2.4929
9.7004,15.9086,2.1434,12.0,12.0006,12.0012,11.997,0.7056,0.3325,5.0062,8.0774
9.7089,15.9264,2.1421,11.9867,11.9975,12.0075,12.0082,13.7109,6.9134,-0.265,0.1469
9.7171,15.9443,2.1433,12.0,12.0,11.9989,12.001,0.6305,0.6244,7.6199,2.7425
9.7254,15.9621,2.1415,11.9999,11.9952,12.0036,12.0049,13.2368,8.2143,1.5683,2.1976
9.7336,15.98,2.1427,12.0,12.0,11.9997,11.9998,0.5822,0.5798,4.1464,3.5237
9.742,15.9979,2.1418,12.0002,11.9943,12.0024,12.0033,10.3776,10.2092,3.9788,4.6864
9.7504,16.0157,2.1428,12.0,12.0,12.0002,11.9995,0.6514,0.6489,4.3835,5.1583
9.7587,16.0336,2.1419,12.0001,11.9936,12.0013,12.0051,8.1566,12.262,6.6186,5.1431
9.767,16.0514,2.1425,12.0,12.0,12.0016,11.9982,0.7642,0.7443,4.4421,9.0087
9.7753,16.0693,2.1423,11.9999,11.9946,12.0029,12.0028,10.5742,11.0312,4.2551,5.8902
9.7837,16.0871,2.1397,12.0074,12.0001,11.9877,11.9861,-21.5822,0.0367,3.5513,2.6798
9.792,16.105,2.1428,12.0001,11.9946,12.0008,12.0044,0.8561,12.35,7.2616,6.1418
9.8003,16.1228,2.1389,12.0203,12.0,11.9979,11.9852,-21.9762,-0.0054,1.689,1.249
9.8086,16.1406,2.1423,12.0,12.0,11.9988,12.0002,0.6846,10.1517,12.6707,11.6914
9.817,16.1585,2.1405,11.9998,12.0,11.9969,11.9959,-20.9522,-0.1098,1.2318,0.6462
9.8254,16.1763,2.1434,12.0,11.9967,12.0005,12.0025,1.16,17.6692,14.797,14.559
9.8338,16.1942,2.1424,12.0001,12.0,12.0,12.0,-16.5567,-0.1259,-0.1324,-0.1119
9.842,16.212,2.1437,12.0,11.9974,12.0008,12.0017,0.9815,9.926,7.6196,7.1812
9.8503,16.2299,2.1381,12.0071,12.0,12.0,12.0,-25.0,-0.1327,-0.1288,-0.1307
9.8586,16.2477,2.1437,12.0001,11.9977,12.0013,12.0008,3.0517,8.7669,6.1325,6.7412
9.8669,16.2656,2.1424,12.0001,12.0,12.0,12.0,-20.158,-0.2646,-0.2217,-0.2982
9.8753,16.2834,2.1443,12.0,11.9987,12.0005,12.0006,0.7804,7.9381,6.5674,6.7821
9.8837,16.3013,2.1393,12.0061,12.0,11.9999,11.9999,-24.3097,-0.2389,-0.2187,-0.1581
9.892,16.3191,2.1443,12.0013,11.9976,11.9997,12.0014,3.9824,6.9697,4.6872,4.3396
9.9003,16.337,2.1401,12.01,12.0,12.0,12.0,-25.0,-0.3024,-0.2909,-0.2845
9.9087,16.3548,2.1442,12.0035,11.998,11.9997,11.9988,5.3561,9.6697,8.0495,9.3983
9.9172,16.3727,2.1417,12.0001,12.0,12.0,12.0,-21.1322,-0.2716,-0.249,-0.2917
9.9253,16.3906,2.1448,12.0,11.9988,11.9995,12.0016,0.7228,6.7513,6.1306,4.9526
9.9337,16.4084,2.1408,12.002,12.0335,12.0,12.0,-17.7215,-25.0,-0.9783,-0.9338
9.9421,16.4263,2.1443,12.0,12.0001,11.9991,11.9997,1.2148,10.5209,12.8444,11.7539
9.9503,16.4441,2.1391,11.9996,12.0128,12.0,12.0,-16.0293,-25.0,-0.8037,-0.8353
9.9586,16.4607,1.8287,12.0,12.0,12.0,12.0,0.4479,4.413,8.9361,7.1468
9.9669,16.4759,1.8536,11.9093,11.6696,12.0,12.0,25.0,25.0,-1.9638,-1.878
9.9753,16.4914,1.8486,12.0,11.9999,12.0001,12.0001,0.7948,7.9819,18.878,17.6831
9.9836,16.5068,1.8669,12.0,11.9276,12.0,12.0,19.7585,25.0,0.6128,-0.1815
9.992,16.5223,1.8634,12.0,12.0,10.2863,10.6638,0.9891,1.0135,25.0,25.0
10.0002,16.538,1.8887,12.0003,12.0,11.4065,11.9825,12.228,15.9454,25.0,25.0
10.0086,16.5536,1.8698,12.0,12.0,10.3381,10.672,1.1957,1.1968,25.0,25.0
10.017,16.5691,1.8693,11.9997,11.9999,10.3591,10.7594,9.6338,5.558,25.0,25.0
10.0253,16.5846,1.8587,12.0,12.0,10.2176,10.5472,1.2026,1.203,25.0,25.0
10.0336,16.6002,1.8721,11.9999,12.0,10.3071,10.8456,7.8998,-0.1054,25.0,25.0
10.0421,16.6158,1.8715,12.0,12.0,10.1075,10.76,1.2767,1.3086,25.0,25.0
10.0504,16.6314,1.8781,12.0,12.0,10.2698,10.8879,6.5749,6.6387,25.0,25.0
10.0587,16.6471,1.8768,12.0,12.0,10.245,11.0021,1.257,1.2969,25.0,25.0
10.0669,16.6627,1.8835,11.9999,11.9998,10.5038,11.6682,-0.0936,4.7562,25.0,25.0
10.0752,16.6784,1.8817,12.0,12.0,11.9999,11.2297,0.3206,0.3204,14.4604,25.0
10.0836,16.6942,1.8965,11.9998,11.9999,10.2439,11.543,1.3275,1.8881,25.0,25.0
10.0919,16.71,1.8998,12.0,12.0,11.2101,11.304,0.3606,0.3615,25.0,25.0
10.1003,16.7258,1.8925,12.0,12.0,9.9576,11.3627,2.5768,0.5498,25.0,25.0
10.1086,16.7416,1.8939,12.0,12.0,10.9143,11.1722,0.3511,0.3511,25.0,25.0
10.1169,16.7574,1.9011,11.9999,11.9999,10.3039,11.1905,0.8105,1.1102,25.0,25.0
10.1254,16.7732,1.892,12.0,12.0,10.5659,11.5008,0.8192,0.823,25.0,25.0
10.1337,16.789,1.9015,12.0,12.0,10.1581,12.0002,0.2499,1.6184,25.0,21.9678
10.1419,16.8048,1.8948,12.0,12.0,10.6729,11.5759,0.575,0.5751,25.0,25.0
10.1503,16.8206,1.9056,12.0,12.0,10.1729,12.0002,1.1223,1.1584,25.0,18.789
10.1586,16.8364,1.8927,12.0,12.0,10.4524,11.6404,0.6974,0.6974,25.0,25.0
10.167,16.8522,1.8951,12.0,12.0,12.0,12.0,1.4753,0.0973,10.6867,12.7487
10.1753,16.868,1.8923,12.0,12.0,10.0603,11.3552,0.9391,0.9391,25.0,25.0
10.1836,16.8838,1.9008,12.0,12.0,12.0,11.9937,0.6652,0.7786,21.8242,25.0
10.192,16.8996,1.8843,12.0,12.0,9.9836,11.6291,1.55,1.55,25.0,25.0
10.2003,16.9153,1.883,12.0,12.0,11.3987,12.0,0.1527,0.5348,25.0,14.6357
10.2088,16.9309,1.8666,12.0,12.0,10.9435,11.5311,1.008,1.008,25.0,25.0
10.217,16.9466,1.8847,12.0,12.0,12.0,12.0,0.9039,0.4345,23.0563,11.8193
10.2253,16.9622,1.8702,12.0,12.0,10.5382,11.1623,1.1084,1.1084,25.0,25.0
10.2337,16.9779,1.8952,12.0,12.0,10.9249,11.1715,0.2509,0.9188,25.0,25.0
10.2419,16.9937,1.8886,12.0,12.0,10.442,12.0,0.693,0.693,25.0,3.6134
10.2503,17.0095,1.8982,12.0,12.0,10.3091,11.3599,0.3929,1.1335,25.0,25.0
10.2586,17.0253,1.8857,12.0,12.0,12.0,12.0,0.202,0.202,11.6746,5.7517
10.2669,17.0411,1.9031,12.0,12.0,10.3465,11.3688,0.4118,0.8706,25.0,25.0
10.2753,17.0569,1.899,12.0,12.0,11.9679,12.0,0.0924,0.0795,25.0,14.9379
10.2837,17.0728,1.9053,12.0,12.0,10.3462,11.4393,0.7254,0.8305,25.0,25.0
10.2919,17.0889,1.9363,12.0,12.0,10.6736,12.0,1.6917,0.136,25.0,5.4093
10.3004,17.1048,1.8972,12.0,12.0,10.2892,11.3288,1.5507,2.3549,25.0,25.0
10.3086,17.1206,1.8913,12.0,12.0,11.1255,12.0,0.1048,0.1048,25.0,15.3176
10.317,17.1363,1.897,12.0,12.0,10.3618,11.8168,0.5073,0.806,25.0,25.0
10.3253,17.1521,1.8891,12.0,12.0,10.4609,12.0,0.2761,0.2761,25.0,3.7463
10.3336,17.1679,1.8988,12.0,12.0,10.4196,11.9464,0.704,1.0342,25.0,25.0
10.3419,17.1838,1.9117,12.0,12.0,10.4935,12.0,5.2252,-0.0889,25.0,1.4279
10.3503,17.1999,1.9192,12.0,12.0,10.6323,11.7903,0.8122,1.3141,25.0,25.0
10.3586,17.2158,1.9109,12.0,12.0,10.572,12.0,6.2045,0.0972,25.0,0.9794
10.367,17.2318,1.9213,12.0,12.0,12.0,12.0,0.2971,1.6372,6.2994,20.0294
10.3754,17.2479,1.9275,12.0,12.0,10.7265,12.0,7.7254,-0.0155,25.0,1.7852
10.3836,17.2641,1.9446,12.0,12.0,12.0,11.9033,0.3505,2.1158,8.94,25.0
10.392,17.2803,1.9565,12.0,12.0,10.958,12.0,16.7834,-0.1763,25.0,2.7916
10.4003,17.2968,1.9747,12.0,12.0,12.0,11.3069,0.416,1.4035,18.0649,25.0
10.4086,17.3133,1.9957,11.9999,12.0,11.216,12.0,17.3296,-0.0012,25.0,4.2209
10.4169,17.3301,2.0009,12.0,12.0,12.0,11.4222,0.4587,0.461,18.153,25.0
10.4253,17.3468,2.0027,12.0,12.0,11.2603,12.0,10.7009,0.2655,25.0,4.9297
10.4336,17.3636,2.0171,12.0,12.0,12.0002,11.4905,0.5244,0.5301,19.2646,25.0
10.4419,17.3804,2.0279,12.0,12.0,11.4286,12.0,7.9926,12.8097,25.0,2.8329
10.4503,17.3974,2.039,12.0,12.0,12.0002,11.5864,0.5097,0.5321,18.1938,25.0
10.4586,17.4144,2.0394,12.0,11.9999,11.4992,12.0001,4.4359,8.3896,25.0,2.1731
10.467,17.4315,2.0524,12.0,12.0,12.0002,11.6507,0.4973,0.5115,16.6142,25.0
10.4753,17.4486,2.0644,12.0001,11.9998,11.6566,12.0,9.506,14.5156,25.0,0.8977
10.4836,17.4659,2.0744,12.0,12.0,12.0002,11.7584,0.5039,0.5191,13.6399,25.0
10.4921,17.4833,2.0966,11.9999,12.0002,11.8502,12.0,12.5699,19.9614,25.0,-0.0954
10.5003,17.5009,2.1072,12.0,12.0,12.0007,11.9184,0.5324,0.5375,10.1005,25.0
10.5088,17.5184,2.1165,12.0008,12.0041,11.9715,11.9999,6.4386,8.3644,25.0,-0.433
10.517,17.5361,2.1211,12.0,12.0,12.0032,11.9971,0.7609,0.7677,-0.3503,20.1015
10.5255,17.5537,2.1151,11.9988,11.9913,11.9755,12.0106,11.1974,16.5444,25.0,-1.4372
10.5338,17.5714,2.1188,12.0,12.0,11.9995,12.0001,0.4188,0.4342,7.6737,17.7669
10.5421,17.589,2.1166,11.9953,11.9954,11.965,12.0132,12.6514,12.7023,25.0,0.3599
10.5503,17.6066,2.104,12.0,12.0,12.0,11.9999,0.4614,0.3741,0.5222,7.6476
10.5587,17.6243,2.1171,11.9997,11.9947,11.9959,12.0106,9.1167,12.6379,19.6626,-1.6595
10.567,17.6419,2.1125,12.0,12.0,12.0,11.9998,0.469,0.4764,0.4635,7.8141
10.5754,17.6596,2.1193,12.0038,11.9978,11.9759,12.0211,9.1517,12.2644,24.5836,-3.1841
10.5836,17.6772,2.1052,12.0,12.0,12.0,11.9999,0.4519,0.4332,0.4646,7.0623
10.592,17.6948,2.1186,11.9998,11.9953,11.9957,12.01,7.5218,11.0757,16.6666,-2.3436
10.6003,17.7125,2.1137,12.0,12.0,12.0,11.9998,0.4791,0.5224,0.4408,8.359
10.6087,17.7301,2.1192,11.9991,11.9939,11.9963,12.0115,8.8698,12.3645,17.8652,-3.7016
10.6169,17.7477,2.1061,12.0,12.0,12.0,11.9998,0.4554,0.5107,0.6379,8.1133
10.6253,17.7654,2.12,11.9975,11.9957,11.9967,12.0115,8.8051,10.903,20.5051,-4.5951
10.6337,17.7831,2.116,12.0,12.0,12.0029,11.9971,0.6489,0.7005,-3.022,23.8923
10.642,17.8007,2.1208,12.0017,11.9986,11.9844,12.0149,5.9516,10.932,20.8594,-2.3173
10.6503,17.8184,2.1144,12.0,12.0,12.0,12.0003,0.5022,0.5086,0.5076,19.0882
10.6587,17.836,2.119,11.9996,12.0058,11.9986,11.9959,1.9172,10.1233,23.5243,8.0676
10.6671,17.8536,2.1119,12.0,12.0,12.0,12.0002,0.4637,0.4641,0.4885,16.9107
10.6754,17.8713,2.1216,12.0,11.9977,11.9885,12.0132,0.4535,16.7536,20.9899,7.3405
10.6837,17.889,2.1157,12.0,12.0,11.9964,12.006,1.0536,1.0536,15.3604,12.3352
10.692,17.9066,2.1217,12.0,12.0016,11.9995,11.9965,0.4509,4.5434,16.2142,20.5004
10.7003,17.9243,2.1138,11.9992,12.0,11.9976,12.0019,6.8871,0.4098,4.8094,10.9857
10.7088,17.9419,2.1222,12.0,12.0009,12.0003,11.9969,0.4872,4.0646,14.1763,23.2956
10.717,17.9596,2.1129,12.004,12.0,11.9899,12.0027,6.8348,0.8032,14.9641,12.1399
10.7253,17.9772,2.1224,12.0,12.001,12.0006,11.9965,0.4857,3.9567,14.1791,24.9112
10.7336,17.9949,2.1109,12.0003,12.0,11.9826,12.0089,1.9242,0.8022,25.0,12.2413
10.742,18.0125,2.1214,12.0,12.0002,11.9992,11.9835,0.4421,2.9668,15.1702,25.0
10.7503,18.0301,2.1154,12.0002,12.0,11.9951,12.0023,12.8942,0.4781,11.0856,6.1666
10.7587,18.0478,2.1229,11.9998,12.0005,12.0026,11.9939,0.4229,2.1816,13.3626,25.0
10.767,18.0654,2.1159,12.0002,12.0,11.9962,12.0023,4.9042,0.2706,4.5192,11.3365
10.7755,18.0831,2.1203,12.0,11.9999,11.999,11.9664,0.7536,4.8476,14.7625,25.0
10.7837,18.1008,2.1174,12.0017,12.0,11.9973,11.9999,7.3596,0.1637,5.2479,4.5529
10.7921,18.1185,2.1228,12.0,11.9997,12.0031,11.9964,0.314,2.9815,7.5833,19.8918
10.8003,18.1361,2.118,12.0004,12.0,11.9973,12.0015,9.6336,0.1101,6.7709,3.5092
10.8087,18.1538,2.123,12.0,11.9992,12.0021,11.9976,0.2653,3.6563,5.1359,21.9096
10.817,18.1714,2.1182,11.9991,12.0,11.9978,12.0025,9.5729,0.115,5.7923,3.9049
10.8253,18.1891,2.1227,12.0,11.9968,12.003,11.9984,0.3314,4.2856,5.0166,21.5778
10.8339,18.2068,2.1188,11.9962,12.0,11.9962,12.0073,17.919,0.092,10.6714,2.5226
10.842,18.2244,2.1229,12.0006,11.9975,12.0042,11.9973,3.8688,9.6201,7.7873,12.8293
10.8504,18.2421,2.1183,11.992,12.0,11.9923,12.0148,24.1451,0.0307,16.1439,4.4601
10.8588,18.2597,2.1229,12.0,11.998,12.0055,11.9972,5.5235,11.9899,10.1476,12.2733
10.8671,18.2774,2.1176,11.9983,12.0132,11.9891,12.0,20.9627,-7.0423,12.4529,-0.8981
10.8756,18.295,2.1222,12.0,12.0007,12.0054,11.9935,6.3988,4.3826,10.4966,21.2997
10.8837,18.3127,2.1184,11.9868,12.0206,11.9925,12.0,19.0915,-6.0638,8.9671,-0.5167
10.892,18.3304,2.1228,12.0,11.9964,12.0074,11.9951,6.0597,5.0204,10.0204,20.3833
10.9004,18.348,2.1184,11.9856,12.0199,11.9926,12.0007,22.2242,-4.4691,11.1287,-2.5378
10.9087,18.3657,2.1225,12.0,11.9972,12.0087,11.9934,5.9882,5.6074,7.968,21.5587
10.9173,18.3833,2.1176,12.0067,12.0108,11.9823,11.999,18.5056,-1.6991,18.1035,-5.6428
10.9253,18.401,2.1171,12.0,11.9998,12.0002,12.0001,5.8763,2.7931,2.0875,19.0359
10.9337,18.4186,2.119,12.001,12.0106,11.9881,12.0,11.319,-2.2983,15.2664,-0.4616
10.942,18.4363,2.1144,12.0,12.0,12.0002,11.9998,5.7291,0.7002,1.7236,17.4964
10.9503,18.4539,2.1192,12.0022,12.0092,11.9892,12.0,12.4588,-1.3855,13.956,-0.4397
10.9588,18.4716,2.1168,12.0,12.0,12.0008,11.9997,5.7575,0.666,2.7387,19.8815
10.967,18.4892,2.117,12.0041,11.9949,11.9958,12.0133,11.3797,7.1677,20.6835,-14.1602
10.9753,18.5069,2.1207,12.0,12.0,12.0018,11.9982,0.6052,0.6027,-3.0466,12.0292
10.9837,18.5245,2.1191,11.9996,11.9991,11.9777,12.024,13.0129,2.6291,19.9363,-15.7614
10.9922,18.5422,2.1201,12.0,12.0,12.0014,11.9987,0.5315,0.546,-3.3753,7.82
11.0005,18.5598,2.1195,11.9996,11.9989,11.9788,12.0247,13.4713,1.4033,15.8113,-16.3752
11.0086,18.5775,2.1235,12.0,12.0,12.0,11.9989,0.4876,0.5261,0.509,8.1445
11.017,18.5952,2.1202,11.9984,11.9998,11.9794,12.0227,10.1816,0.3048,16.1605,-15.9105
11.0253,18.6129,2.1241,12.0,12.0,12.0,11.9989,0.5091,0.5683,0.5362,10.4641
11.0337,18.6306,2.121,11.986,12.0045,11.9858,12.0217,10.3779,0.5488,9.259,-11.954
11.0422,18.6482,2.1234,12.0,12.0,12.0,11.9996,0.4355,0.4526,0.4013,6.0926
11.0503,18.6659,2.1211,11.9951,11.9985,11.9937,12.0157,9.8647,-0.4485,10.7685,-15.4197
11.0586,18.6836,2.123,12.0,12.0,12.0,11.9994,0.3782,0.4994,0.3903,5.2199
11.067,18.7013,2.122,11.9889,12.0022,11.9905,12.0183,11.1134,1.6245,10.0367,-9.9314
11.0753,18.719,2.1228,12.0,12.0,12.0,11.9992,0.4642,0.5159,0.3931,6.2366
11.0839,18.7366,2.1214,12.0001,11.9978,11.9886,12.0146,10.3037,3.9811,10.7898,-8.2446
11.092,18.7543,2.1222,12.0,12.0,12.0,11.9992,0.5057,0.5498,0.3997,6.6599
11.1004,18.772,2.1218,12.0003,11.9966,11.9889,12.0141,8.5004,6.3021,12.1346,-6.7472
11.1087,18.7897,2.1223,12.0,12.0,12.0,11.9991,0.5323,0.5864,0.4176,7.1641
11.117,18.8073,2.1218,11.9993,11.997,11.9922,12.0113,8.0045,5.2922,9.9199,-2.2796
11.1255,18.825,2.116,12.0,12.0,11.9967,12.0018,1.1123,1.0864,16.1117,9.0526
11.1337,18.8427,2.1212,12.0022,11.9987,11.9964,12.0033,3.4486,7.294,12.4146,-2.2867
11.142,18.8603,2.1143,12.0023,12.0,11.9979,11.9999,-4.0033,0.4625,-1.0274,6.6664
11.1503,18.878,2.1218,12.0007,12.0024,11.9964,11.9998,1.3873,5.7599,12.3657,2.9821
11.1587,18.8957,2.1177,11.9991,12.0,12.0014,12.0076,-0.7235,0.5033,-2.4209,13.2191
11.1671,18.9133,2.1219,11.9999,12.0109,11.9925,11.9983,0.564,6.7457,12.5212,5.3057
11.1754,18.931,2.1156,12.0019,12.0,11.9977,12.0001,-3.5537,0.407,-1.4198,1.4849
11.1837,18.9486,2.122,11.9998,12.0028,11.9996,11.9981,0.8335,4.7339,10.0483,4.3222
11.192,18.9663,2.1164,12.0015,12.0,11.9983,12.0,-1.9686,0.3305,-2.3143,0.7634
11.2004,18.984,2.1231,12.0,11.9983,11.9973,12.0042,0.7471,7.1087,7.3392,3.3767
11.2087,19.0017,2.1171,12.0009,12.0,11.9989,12.0,-2.9055,0.3358,-3.3507,1.098
11.217,19.0193,2.1229,12.0,11.9977,11.9986,12.0036,0.6634,6.3796,5.409,2.398
11.2254,19.037,2.1179,12.0007,12.0,11.9992,12.0,-2.8374,0.2639,-2.5531,0.3034
11.2337,19.0547,2.1233,12.0002,11.9966,12.0012,12.0019,3.1689,5.2203,2.5009,1.1707
11.2421,19.0724,2.1183,12.0014,12.0,11.998,12.0,-3.5048,0.2281,-1.9885,0.2622
11.2504,19.0901,2.123,12.002,11.9968,12.0013,11.9996,3.8088,4.9204,3.9357,3.5971
11.2587,19.1077,2.119,12.0002,12.0,11.9993,12.0,-1.423,0.2094,-2.8708,0.2599
11.267,19.1254,2.1228,12.0027,11.996,12.0021,11.999,0.6239,5.8304,1.7561,1.7538
11.2754,19.1431,2.1208,12.0082,11.7994,12.0051,11.9999,-25.0,25.0,-24.1473,-1.4046
11.2837,19.1609,2.1324,12.0,11.9984,11.9997,12.0005,-0.7234,16.2606,-20.9023,-0.3183
11.2922,19.1785,2.1102,12.0007,12.0086,11.9796,12.0001,4.8972,-19.3074,7.9419,0.2411
11.3004,19.1961,2.1178,12.0,11.9994,11.9965,12.0025,0.5537,-4.1127,6.8984,7.7485
11.3087,19.2137,2.1156,11.9991,12.005,11.9945,12.0,5.1465,0.4084,18.6974,0.5627
11.317,19.2314,2.1213,12.0002,12.0,12.0002,11.9994,9.4013,0.0611,-3.6626,3.1606
11.3254,19.2491,2.1202,12.0035,12.0,11.9933,12.0,-7.0171,0.0339,4.992,0.0349
11.3337,19.2667,2.118,11.9989,12.0,12.0019,11.9961,-4.7687,0.3684,3.2438,15.8888
11.342,19.2844,2.118,12.0,12.0,11.9958,12.0014,0.772,0.7695,23.622,-2.3235
11.3503,19.3021,2.1199,12.0,12.0,12.0015,11.9954,0.7668,0.7668,0.6307,24.8128
11.3587,19.3197,2.1168,12.0,12.0,11.9954,12.0036,0.9704,0.9704,21.3086,-1.466
11.367,19.3373,2.1146,12.0,12.0,11.9983,11.8939,1.4402,1.4402,10.5978,25.0
11.3754,19.355,2.116,12.0,12.0,11.9956,12.0042,0.9509,0.9509,11.6413,11.417
11.3837,19.3727,2.1216,12.0,12.0,12.0012,11.9636,0.7959,0.7959,-0.2855,25.0
11.392,19.3904,2.1195,12.0,12.0,11.9954,12.0027,0.9774,0.9774,18.2314,2.7522
11.4003,19.408,2.1243,12.0,12.0022,12.0085,11.9894,0.6233,2.5911,-1.734,17.0773
11.4087,19.4257,2.1234,12.0014,12.0,11.998,12.0,1.1566,0.0965,8.7435,-2.229
11.417,19.4434,2.1239,11.9996,12.0042,12.0039,11.9923,-2.7608,0.7734,1.7477,7.9241
11.4253,19.4611,2.1187,11.9951,12.0003,11.9888,12.0002,-5.2102,-21.7574,-6.0582,-0.545
11.4336,19.4788,2.1232,12.0,12.0017,12.0071,11.9913,0.0639,2.1611,-1.062,8.8405
11.442,19.4965,2.1198,11.9901,12.0217,11.989,12.0,4.6294,-20.4506,3.9486,-0.36
11.4503,19.5142,2.1255,12.0,12.0002,12.0,11.9997,0.3084,1.0167,0.1836,7.2366
11.4587,19.5318,2.1203,11.9946,12.0133,11.9936,12.0,2.8314,-15.9121,-1.4161,-0.4679
11.467,19.5495,2.1252,12.0,12.0001,12.0,11.9997,0.4244,0.6999,0.1869,9.5294
11.4753,19.5672,2.1184,12.0031,11.9939,11.9934,12.0101,4.6407,4.5165,12.3026,-10.8025
11.4836,19.5849,2.1234,12.0,12.0,12.0001,11.9998,0.4503,0.4549,-0.0941,7.8208
11.492,19.6025,2.119,12.0029,11.9943,11.9931,12.0123,6.3802,3.4241,13.4541,-12.4403
11.5004,19.6202,2.1241,12.0,12.0,12.0,11.9988,0.4482,0.4657,0.2213,8.8439
11.5087,19.6379,2.1192,12.0007,11.9987,11.9796,12.0212,6.9479,-1.7295,15.0624,-15.9461
11.5169,19.6554,2.0871,12.0,12.0,12.0,11.6281,1.6382,1.5995,1.6546,25.0
11.5254,19.6727,2.0809,11.9999,12.0,12.0004,11.7354,4.7569,0.5698,10.0557,25.0
11.5336,19.6901,2.0848,12.0,12.0,12.0,11.9998,0.5677,0.5506,0.5529,17.3508
11.542,19.7077,2.1162,11.9943,12.0,12.0019,12.0003,11.1776,0.0539,-0.2378,-1.6014
11.5503,19.7253,2.1121,12.0,12.0,12.0,12.0003,0.6755,0.6789,5.1947,-0.5436
11.5586,19.7426,2.065,12.0,12.0,11.9704,11.9998,2.8205,1.4673,25.0,6.5216
11.5669,19.7596,2.0325,12.0,12.0,11.9999,12.0,1.0279,1.0279,12.704,1.0284
11.5753,19.7765,2.0283,12.0,12.0,12.0,11.9998,0.7687,0.7679,7.0557,7.735
11.5836,19.7934,2.0235,12.0,12.0,11.9998,12.0,0.4845,0.4845,6.1061,0.4862
11.5919,19.8104,2.0578,12.0,12.0001,12.0,11.9999,1.2648,4.7233,-0.3401,18.8525
11.6003,19.8278,2.1011,11.9998,12.0,12.0,12.0,9.0717,-0.2817,10.7138,0.5515
11.6087,19.8455,2.1299,12.0,12.0002,12.0,11.9998,0.2221,0.8224,-0.0457,2.0706
11.617,19.8632,2.1181,11.9982,12.0021,12.0045,11.9963,-7.9492,-0.9511,-8.124,1.6377
11.6253,19.8809,2.1245,12.0,11.9999,12.0,11.9997,0.4224,2.1484,0.352,2.4506
11.6336,19.8986,2.1174,12.0027,12.0,12.0001,11.9997,-3.2738,0.1598,-4.228,0.6527
11.642,19.9163,2.1224,12.0004,11.9995,11.9992,12.0008,0.9915,3.8424,2.3739,1.6708
11.6503,19.9339,2.1175,12.0008,12.0,11.9993,12.0,-1.3498,0.1135,-0.4416,0.1154
11.6587,19.9516,2.1222,12.0004,12.0001,11.999,12.0002,1.8465,4.1746,3.7639,2.0646
11.667,19.9692,2.1141,12.0,12.0,11.9998,12.0,1.4942,0.1899,1.7913,-0.376
11.6753,19.9869,2.1225,12.0008,11.9988,11.9983,12.0016,2.9302,5.7716,4.4974,0.408
11.6837,20.0046,2.1149,12.0,12.0,11.9998,12.0,1.3491,0.2978,1.6526,-0.4623
